sequence,method,run,ate_rmse_m,role_valid,adaptive_flags,finite_trajectory,blind_m,blind_evidence,rows,duration_s,max_gap_s,normal_frames,transient_frames,persistent_frames,zero_effective_frames,quality_rejected_sum,final_z_m,identical_csv_to,source,source_sha256,evaluation,protocol
geode_offroad1,fastlio2,run01,0.09759,True,NA,True,4,directory/history or user confirmation; no runtime config snapshot,4045,404.4016709327698,0.10534286499023438,0,0,0,0,0,-0.187252604,,experiments/adaptive_map_v1/validation/geode_offroad1/fastlio2/run01/runtime.csv,e06584347338c6ae0eaef5399da27bdcaf30101a4a91ef081b7cbfeb115f9e35,experiments/adaptive_map_v1/validation/geode_offroad1/fastlio2/run01/evaluation_v1,GEODE original local conversion + rmse.py
geode_offroad1,ours_no_adaptive,run01,0.077155,True,0,True,4,directory/history or user confirmation; no runtime config snapshot,4028,402.6980905532837,0.10534286499023438,4028,0,0,0,0,-0.182267061,,experiments/adaptive_map_v1/validation/geode_offroad1/ours_no_adaptive/run01/runtime.csv,7944137b43430000ecc4b4105aa80e96a4e31fd4a0510f092c0e370bf5ce464b,experiments/adaptive_map_v1/validation/geode_offroad1/ours_no_adaptive/run01/evaluation_v1,GEODE original local conversion + rmse.py
geode_offroad1,ours_adaptive,run01,0.086774,True,1,True,4,directory/history or user confirmation; no runtime config snapshot,4028,402.6980905532837,0.10534286499023438,4002,26,0,0,100114,-0.173464127,,experiments/adaptive_map_v1/validation/geode_offroad1/ours_adaptive/run01/runtime.csv,43fca865c9c381e8154d59fd9eb52ed71026ddeeb5a10c48c513829c86415452,experiments/adaptive_map_v1/validation/geode_offroad1/ours_adaptive/run01/evaluation_v1,GEODE original local conversion + rmse.py
geode_offroad2,fastlio2,run01,0.105217,True,NA,True,4,directory/history or user confirmation; no runtime config snapshot,4212,421.1033127307892,0.10570216178894043,0,0,0,0,0,-0.126703485,,experiments/adaptive_map_v1/validation/geode_offroad2/fastlio2/run01/runtime.csv,bc2f614b22deea8df3167490e3350d224ada41c839b453a5644ab459ddcba74d,experiments/adaptive_map_v1/validation/geode_offroad2/fastlio2/run01/evaluation_v1,GEODE original local conversion + rmse.py
geode_offroad2,ours_no_adaptive,run01,0.102416,True,0,True,4,directory/history or user confirmation; no runtime config snapshot,4194,419.30038809776306,0.10570216178894043,4194,0,0,0,0,-0.150916252,,experiments/adaptive_map_v1/validation/geode_offroad2/ours_no_adaptive/run01/runtime.csv,a8abaa277bec9213fb46b560862ca0130f2ac1d468656377d25dc321e6b8b4ec,experiments/adaptive_map_v1/validation/geode_offroad2/ours_no_adaptive/run01/evaluation_v1,GEODE original local conversion + rmse.py
geode_offroad2,ours_adaptive,run01,0.107786,True,1,True,4,directory/history or user confirmation; no runtime config snapshot,4194,419.30038809776306,0.10570216178894043,3751,443,0,0,85130,-0.142084073,,experiments/adaptive_map_v1/validation/geode_offroad2/ours_adaptive/run01/runtime.csv,6c6631f1347b40d1a10a88ea2f6337860dc9fd90a615facd4c2758eaa8ca4cf5,experiments/adaptive_map_v1/validation/geode_offroad2/ours_adaptive/run01/evaluation_v1,GEODE original local conversion + rmse.py
geode_offroad3,fastlio2,run01,0.087475,True,NA,True,4,directory/history or user confirmation; no runtime config snapshot,3220,321.8990333080292,0.10847187042236328,0,0,0,0,0,-0.007002207,,experiments/adaptive_map_v1/validation/geode_offroad3/fastlio2/run01/runtime.csv,e33c4e1ecd4332e862e565465969b45d0c8b00a60fba7a7a0152c4d9b34a3543,experiments/adaptive_map_v1/validation/geode_offroad3/fastlio2/run01/evaluation_v1,GEODE original local conversion + rmse.py
geode_offroad3,ours_no_adaptive,run01,0.087325,True,0,True,4,directory/history or user confirmation; no runtime config snapshot,3202,320.10218715667725,0.10847210884094238,3202,0,0,0,0,-0.013929485,,experiments/adaptive_map_v1/validation/geode_offroad3/ours_no_adaptive/run01/runtime.csv,69cc74a41e3b055abc441bb0f5289a59a4fccc8e085c448dbd43c8f3d075b51c,experiments/adaptive_map_v1/validation/geode_offroad3/ours_no_adaptive/run01/evaluation_v1,GEODE original local conversion + rmse.py
geode_offroad3,ours_adaptive,run01,0.093716,True,1,True,4,directory/history or user confirmation; no runtime config snapshot,3202,320.10218715667725,0.10847210884094238,3158,44,0,0,79839,0.017010474,,experiments/adaptive_map_v1/validation/geode_offroad3/ours_adaptive/run01/runtime.csv,03186a6dec71a0fd983de4ced5688db4ce16ffc44bc0fb23d09b5db921b1f468,experiments/adaptive_map_v1/validation/geode_offroad3/ours_adaptive/run01/evaluation_v1,GEODE original local conversion + rmse.py
geode_tunnel1,fastlio2,run01,0.367261,True,NA,True,4,directory/history or user confirmation; no runtime config snapshot,2082,208.39940762519836,0.3806133270263672,0,0,0,0,0,-5.2715e-05,,experiments/adaptive_map_v1/validation/geode_tunnel1/fastlio2/run01/runtime.csv,61bf400ffaeac10060bc6d5406200142ab984df47cd4ca7072db6308f016d5c6,experiments/adaptive_map_v1/validation/geode_tunnel1/fastlio2/run01/evaluation_v1,GEODE original local conversion + rmse.py
geode_tunnel1,ours_no_adaptive,run01,0.372604,True,0,True,4,directory/history or user confirmation; no runtime config snapshot,2064,206.59992146492004,0.3806130886077881,2064,0,0,0,0,0.002155497,,experiments/adaptive_map_v1/validation/geode_tunnel1/ours_no_adaptive/run01/runtime.csv,e097dc8b15cfcfdf53ac1ce0454af90dc57f528cdbff4108cdb607d5c877b46f,experiments/adaptive_map_v1/validation/geode_tunnel1/ours_no_adaptive/run01/evaluation_v1,GEODE original local conversion + rmse.py
geode_tunnel1,ours_adaptive,run01,0.368939,True,1,True,2,directory/history or user confirmation; no runtime config snapshot,2063,206.59992146492004,0.5000033378601074,2057,6,0,0,24442,0.00733867,,experiments/adaptive_map_v1/validation/geode_tunnel1/ours_adaptive/run01/runtime.csv,51ca9a3281a9a2bdb3f62ee1673fd967e9091340293e2cf81fb49f5334f5c5cf,experiments/adaptive_map_v1/validation/geode_tunnel1/ours_adaptive/run01/evaluation_v1,GEODE original local conversion + rmse.py
geode_tunnel1,fastlio2_blind2,run01,0.380394,True,NA,True,2,directory/history or user confirmation; no runtime config snapshot,2085,208.39940762519836,0.1006627082824707,0,0,0,0,0,-0.007657617,,experiments/adaptive_map_v1/validation/geode_tunnel1/fastlio2_blind2/run01/runtime.csv,13ecdd42bb0d9c419e1d62e364de4ecd7529f77da28eeb8afffe4a541749907b,experiments/adaptive_map_v1/validation/geode_tunnel1/fastlio2_blind2/run01/evaluation_v1,GEODE original local conversion + rmse.py
geode_tunnel1,ours_no_adaptive_blind2,run01,0.363231,True,0,True,2,directory/history or user confirmation; no runtime config snapshot,2067,206.59992146492004,0.1006624698638916,2067,0,0,0,0,-0.008159936,,experiments/adaptive_map_v1/validation/geode_tunnel1/ours_no_adaptive_blind2/run01/runtime.csv,8d303418461559e2109f332c30b8bc8df8c0d2b92230a68dab7b14b56b74d054,experiments/adaptive_map_v1/validation/geode_tunnel1/ours_no_adaptive_blind2/run01/evaluation_v1,GEODE original local conversion + rmse.py
geode_tunnel1,ours_adaptive_blind2,run02,0.370164,True,1,True,2,directory/history or user confirmation; no runtime config snapshot,2067,206.59992146492004,0.1006624698638916,2057,10,0,0,25445,0.00386427,,experiments/adaptive_map_v1/validation/geode_tunnel1/ours_adaptive_blind2/run02/runtime.csv,affa7a14bcfe1d45618b57a59a635f4136461223e843ea1806950c114e98f5c5,experiments/adaptive_map_v1/validation/geode_tunnel1/ours_adaptive_blind2/run02/evaluation_v1,GEODE original local conversion + rmse.py
geode_tunnel2,fastlio2,run01,4.792301,True,NA,True,4,directory/history or user confirmation; no runtime config snapshot,2582,260.9958190917969,1.0998361110687256,0,0,0,0,0,1.537886164,,experiments/adaptive_map_v1/validation/geode_tunnel2/fastlio2/run01/runtime.csv,dd3b1238bdb6a3a0b7a35397d4d5a1e87d1c16ebe81fe515892dc29a57796b3d,experiments/adaptive_map_v1/validation/geode_tunnel2/fastlio2/run01/evaluation_v1,GEODE original local conversion + rmse.py
geode_tunnel2,ours_no_adaptive,run01,38.004938,True,0,True,4,directory/history or user confirmation; no runtime config snapshot,2575,259.29864287376404,1.0998361110687256,2575,0,0,26,0,-22.992306682,,experiments/adaptive_map_v1/validation/geode_tunnel2/ours_no_adaptive/run01/runtime.csv,f2176c2be789357e2fe89808bb4319a97f874e8f3ae3bb399fdd364dc2e6047b,experiments/adaptive_map_v1/validation/geode_tunnel2/ours_no_adaptive/run01/evaluation_v1,GEODE original local conversion + rmse.py
geode_tunnel2,ours_adaptive,run01,2.169827,True,1,True,2,directory/history or user confirmation; no runtime config snapshot,2585,259.30139994621277,0.7011888027191162,2298,287,0,0,22017,-0.015717598,,experiments/adaptive_map_v1/validation/geode_tunnel2/ours_adaptive/run01/runtime.csv,97f70c4a7599ef687a0f130d09f478e44ce86125077fbb73ba2be5abe3b2f4f6,experiments/adaptive_map_v1/validation/geode_tunnel2/ours_adaptive/run01/evaluation_v1,GEODE original local conversion + rmse.py
geode_tunnel2,fastlio2_blind2,run01,18.292805,True,NA,True,2,directory/history or user confirmation; no runtime config snapshot,2611,260.999525308609,0.10312485694885254,0,0,0,0,0,-0.16659222,,experiments/adaptive_map_v1/validation/geode_tunnel2/fastlio2_blind2/run01/runtime.csv,83f2cc08da7ca5dd182ebe1a1d8794fd95f11304558a40ec4461997b45de9183,experiments/adaptive_map_v1/validation/geode_tunnel2/fastlio2_blind2/run01/evaluation_v1,GEODE original local conversion + rmse.py
geode_tunnel2,ours_no_adaptive_blind2,run01,5.640907,True,0,True,2,directory/history or user confirmation; no runtime config snapshot,2594,259.30139994621277,0.10312485694885254,2594,0,0,0,0,0.271370437,,experiments/adaptive_map_v1/validation/geode_tunnel2/ours_no_adaptive_blind2/run01/runtime.csv,5308541f775bedbb4fbb74ce73678c906cdfb31cc76602a116e9a76ba2092ad4,experiments/adaptive_map_v1/validation/geode_tunnel2/ours_no_adaptive_blind2/run01/evaluation_v1,GEODE original local conversion + rmse.py
geode_tunnel2,ours_adaptive_blind2,run02,1.382934,True,1,True,2,directory/history or user confirmation; no runtime config snapshot,2574,259.30139994621277,0.5998601913452148,2270,304,0,0,21185,0.053094841,,experiments/adaptive_map_v1/validation/geode_tunnel2/ours_adaptive_blind2/run02/runtime.csv,7d41d549b6518f19be4c51caa97c64996cc4b817bc84d9a46bd060c0552bf522,experiments/adaptive_map_v1/validation/geode_tunnel2/ours_adaptive_blind2/run02/evaluation_v1,GEODE original local conversion + rmse.py
geode_tunnel3,fastlio2,run01,7.427399,True,NA,True,4,directory/history or user confirmation; no runtime config snapshot,2523,253.7011513710022,0.6574304103851318,0,0,0,0,0,-13.818266586,,experiments/adaptive_map_v1/validation/geode_tunnel3/fastlio2/run01/runtime.csv,693c5003e2068e079c55e2900e25267667012a80de130781dd277ed397d9f8a8,experiments/adaptive_map_v1/validation/geode_tunnel3/fastlio2/run01/evaluation_v1,GEODE original local conversion + rmse.py
geode_tunnel3,ours_no_adaptive,run01,9.624905,True,0,True,4,directory/history or user confirmation; no runtime config snapshot,2506,252.0001256465912,0.6574304103851318,2506,0,0,8,0,-6.924052281,,experiments/adaptive_map_v1/validation/geode_tunnel3/ours_no_adaptive/run01/runtime.csv,8ffc6a0670ba3e6398bf85c6be11c0dd65afb2ed75d0c43d4301bf192cb9096f,experiments/adaptive_map_v1/validation/geode_tunnel3/ours_no_adaptive/run01/evaluation_v1,GEODE original local conversion + rmse.py
geode_tunnel3,ours_adaptive,run01,4.756198,True,1,True,2,directory/history or user confirmation; no runtime config snapshot,2505,252.00026321411133,1.5998127460479736,2314,191,0,0,22371,0.004302357,,experiments/adaptive_map_v1/validation/geode_tunnel3/ours_adaptive/run01/runtime.csv,9cd4ab3250ad8b46270f7482f9135acd7ed8a3f2a68c64c8a21d1e7c9c29c4d1,experiments/adaptive_map_v1/validation/geode_tunnel3/ours_adaptive/run01/evaluation_v1,GEODE original local conversion + rmse.py
geode_tunnel3,fastlio2_blind2,run01,0.278646,True,NA,True,2,directory/history or user confirmation; no runtime config snapshot,2537,253.599693775177,0.10291242599487305,0,0,0,0,0,-0.022355627,,experiments/adaptive_map_v1/validation/geode_tunnel3/fastlio2_blind2/run01/runtime.csv,5197b3bba89325d235c5dba6062fc8146e6761cd24ffca7bc0d334417b4b79c3,experiments/adaptive_map_v1/validation/geode_tunnel3/fastlio2_blind2/run01/evaluation_v1,GEODE original local conversion + rmse.py
geode_tunnel3,ours_no_adaptive_blind2,run01,0.146799,True,0,True,2,directory/history or user confirmation; no runtime config snapshot,2521,252.00026321411133,0.10291242599487305,2521,0,0,0,0,0.008143117,,experiments/adaptive_map_v1/validation/geode_tunnel3/ours_no_adaptive_blind2/run01/runtime.csv,aaf4ebef634c65d7a7d8044f4669c285f428d920e2d51bf3ae62620193f927de,experiments/adaptive_map_v1/validation/geode_tunnel3/ours_no_adaptive_blind2/run01/evaluation_v1,GEODE original local conversion + rmse.py
geode_tunnel3,ours_adaptive_blind2,run02,0.150348,True,1,True,2,directory/history or user confirmation; no runtime config snapshot,2504,252.00026321411133,1.7994763851165771,2423,81,0,0,21945,0.012133542,,experiments/adaptive_map_v1/validation/geode_tunnel3/ours_adaptive_blind2/run02/runtime.csv,a21cff5e801d25ed69abd65267ffb717cffe9868fdeb75327d50165a88cb48d0,experiments/adaptive_map_v1/validation/geode_tunnel3/ours_adaptive_blind2/run02/evaluation_v1,GEODE original local conversion + rmse.py
geode_tunnel4,fastlio2,run01,0.133886,True,NA,True,4,directory/history or user confirmation; no runtime config snapshot,2236,223.50035548210144,0.10486292839050293,0,0,0,0,0,-0.005020376,,experiments/adaptive_map_v1/validation/geode_tunnel4/fastlio2/run01/runtime.csv,3074bd81858c82615f106eff2d3b90fe3407d0ff9f7fd0749cf7d278b4690813,experiments/adaptive_map_v1/validation/geode_tunnel4/fastlio2/run01/evaluation_v1,GEODE original local conversion + rmse.py
geode_tunnel4,ours_no_adaptive,run01,0.129225,True,0,True,4,directory/history or user confirmation; no runtime config snapshot,2218,221.6997094154358,0.10486292839050293,2218,0,0,0,0,-0.032749714,,experiments/adaptive_map_v1/validation/geode_tunnel4/ours_no_adaptive/run01/runtime.csv,edf48cd56b8b6b7eab95e5b0c4495da6ec2b36c0b35325288855b785c9811301,experiments/adaptive_map_v1/validation/geode_tunnel4/ours_no_adaptive/run01/evaluation_v1,GEODE original local conversion + rmse.py
geode_tunnel4,ours_adaptive,run01,0.1269,True,1,True,2,directory/history or user confirmation; no runtime config snapshot,2218,221.6997094154358,0.10289812088012695,2118,100,0,0,26324,-0.056191142,,experiments/adaptive_map_v1/validation/geode_tunnel4/ours_adaptive/run01/runtime.csv,dd78dd2656094bfb34e00744de613780879430719eccd17bcbc680fa76ffa66e,experiments/adaptive_map_v1/validation/geode_tunnel4/ours_adaptive/run01/evaluation_v1,GEODE original local conversion + rmse.py
geode_tunnel4,fastlio2_blind2,run01,0.130606,True,NA,True,2,directory/history or user confirmation; no runtime config snapshot,2236,223.50035548210144,0.10289788246154785,0,0,0,0,0,0.040557555,,experiments/adaptive_map_v1/validation/geode_tunnel4/fastlio2_blind2/run01/runtime.csv,849128307df135cdc5ffb8253c873cadf095b235f3e41ed74629b12074967c4e,experiments/adaptive_map_v1/validation/geode_tunnel4/fastlio2_blind2/run01/evaluation_v1,GEODE original local conversion + rmse.py
geode_tunnel4,ours_no_adaptive_blind2,run01,0.134015,True,0,True,2,directory/history or user confirmation; no runtime config snapshot,2218,221.6997094154358,0.10289812088012695,2218,0,0,0,0,-0.005397146,,experiments/adaptive_map_v1/validation/geode_tunnel4/ours_no_adaptive_blind2/run01/runtime.csv,f0420afb6dda3095a50974a9d8352fcd00e9c9e40e558145a337069d9770e33d,experiments/adaptive_map_v1/validation/geode_tunnel4/ours_no_adaptive_blind2/run01/evaluation_v1,GEODE original local conversion + rmse.py
geode_tunnel4,ours_adaptive_blind2,run02,0.131181,True,1,True,2,directory/history or user confirmation; no runtime config snapshot,2218,221.6997094154358,0.10289812088012695,2028,190,0,0,27944,-0.082159912,,experiments/adaptive_map_v1/validation/geode_tunnel4/ours_adaptive_blind2/run02/runtime.csv,2cfee89c3adb20b4fd8da5d544e0be01fe346cddfeb8efe5aecc75adf45ad4d2,experiments/adaptive_map_v1/validation/geode_tunnel4/ours_adaptive_blind2/run02/evaluation_v1,GEODE original local conversion + rmse.py
geode_tunnel5,fastlio2,run01,9.110966,True,NA,True,4,directory/history or user confirmation; no runtime config snapshot,2295,231.50134921073914,0.9928956031799316,0,0,0,0,0,4.209991435,,experiments/adaptive_map_v1/validation/geode_tunnel5/fastlio2/run01/runtime.csv,bd14efe983b3deefe4b9681b83f0aac0924809e1b711d27407120d18869f21d7,experiments/adaptive_map_v1/validation/geode_tunnel5/fastlio2/run01/evaluation_v1,GEODE original local conversion + rmse.py
geode_tunnel5,ours_no_adaptive,run01,6.931448,True,0,True,4,directory/history or user confirmation; no runtime config snapshot,2290,229.80000686645508,0.41713905334472656,2290,0,0,21,0,4.079056934,,experiments/adaptive_map_v1/validation/geode_tunnel5/ours_no_adaptive/run01/runtime.csv,05340b7e730fe091a3257efee8a01801b30d3c566880bdcb83e150fd182227a0,experiments/adaptive_map_v1/validation/geode_tunnel5/ours_no_adaptive/run01/evaluation_v1,GEODE original local conversion + rmse.py
geode_tunnel5,ours_adaptive,run01,0.866253,True,1,True,2,directory/history or user confirmation; no runtime config snapshot,2299,229.80000686645508,0.10528683662414551,2187,112,0,0,20346,-0.010886193,,experiments/adaptive_map_v1/validation/geode_tunnel5/ours_adaptive/run01/runtime.csv,09ec705a7ab5a6480100306da7e835b300489b148b2f0c7e4dc04c1d35e4c919,experiments/adaptive_map_v1/validation/geode_tunnel5/ours_adaptive/run01/evaluation_v1,GEODE original local conversion + rmse.py
geode_tunnel5,fastlio2_blind2,run01,1.396598,True,NA,True,2,directory/history or user confirmation; no runtime config snapshot,2316,231.50060081481934,0.10528683662414551,0,0,0,0,0,0.063040208,,experiments/adaptive_map_v1/validation/geode_tunnel5/fastlio2_blind2/run01/runtime.csv,ce18abbe8c35e893bd75ef0ed812d55d763056a0e2cd02905821355282ee741d,experiments/adaptive_map_v1/validation/geode_tunnel5/fastlio2_blind2/run01/evaluation_v1,GEODE original local conversion + rmse.py
geode_tunnel5,ours_no_adaptive_blind2,run01,1.852172,True,0,True,2,directory/history or user confirmation; no runtime config snapshot,2299,229.80000686645508,0.10528683662414551,2299,0,0,0,0,0.090833611,,experiments/adaptive_map_v1/validation/geode_tunnel5/ours_no_adaptive_blind2/run01/runtime.csv,13c7a1bbac2ff09333202f69ce4c7da32587e5fb4de15897f5e29d831c1f7109,experiments/adaptive_map_v1/validation/geode_tunnel5/ours_no_adaptive_blind2/run01/evaluation_v1,GEODE original local conversion + rmse.py
geode_tunnel5,ours_adaptive_blind2,run02,0.447549,True,1,True,2,directory/history or user confirmation; no runtime config snapshot,2299,229.80000686645508,0.10528683662414551,2187,112,0,0,20740,0.006407494,,experiments/adaptive_map_v1/validation/geode_tunnel5/ours_adaptive_blind2/run02/runtime.csv,72328323591f43623145cc4118d531648b222f0b19d863b2b471da58aa360cb8,experiments/adaptive_map_v1/validation/geode_tunnel5/ours_adaptive_blind2/run02/evaluation_v1,GEODE original local conversion + rmse.py
geode_waterway_short,fastlio2,run01,0.240711,True,NA,True,4,directory/history or user confirmation; no runtime config snapshot,4750,474.90037846565247,0.1213676929473877,0,0,0,0,0,2.64442086,,experiments/adaptive_map_v1/validation/geode_waterway_short/fastlio2/run01/runtime.csv,aa8d61a6387084115870c4352dd34cf052b117a68b17f0cfbc597f142553e60b,experiments/adaptive_map_v1/validation/geode_waterway_short/fastlio2/run01/evaluation_v1,GEODE original local conversion + rmse.py
geode_waterway_short,ours_no_adaptive,run01,0.248172,True,0,True,4,directory/history or user confirmation; no runtime config snapshot,4733,473.20114398002625,0.1213676929473877,4733,0,0,0,0,15.926910273,,experiments/adaptive_map_v1/validation/geode_waterway_short/ours_no_adaptive/run01/runtime.csv,569c5a51417992557f7ca57799b2409141d2e23f1c10862fdc5ed31d524fa592,experiments/adaptive_map_v1/validation/geode_waterway_short/ours_no_adaptive/run01/evaluation_v1,GEODE original local conversion + rmse.py
geode_waterway_short,ours_adaptive,run01,0.36701,True,1,True,4,directory/history or user confirmation; no runtime config snapshot,4733,473.20114398002625,0.1213676929473877,2674,2059,0,0,92530,2.017282523,,experiments/adaptive_map_v1/validation/geode_waterway_short/ours_adaptive/run01/runtime.csv,01b5966e100167f1de7de602002f2e04afce87fc9ec2a83f73c10b25876df85c,experiments/adaptive_map_v1/validation/geode_waterway_short/ours_adaptive/run01/evaluation_v1,GEODE original local conversion + rmse.py
geode_waterway_medium,fastlio2,run01,0.745051,True,NA,True,4,directory/history or user confirmation; no runtime config snapshot,8376,837.5009822845459,0.12134075164794922,0,0,0,0,0,0.573967891,,experiments/adaptive_map_v1/validation/geode_waterway_medium/fastlio2/run01/runtime.csv,60120e4aa5f5e0fa8c2af3167afe4195f87aa06c0dad9765dae25f9f169d8a92,experiments/adaptive_map_v1/validation/geode_waterway_medium/fastlio2/run01/evaluation_v1,GEODE original local conversion + rmse.py
geode_waterway_medium,ours_no_adaptive,run01,0.739867,True,0,True,4,directory/history or user confirmation; no runtime config snapshot,8360,835.9047102928162,0.12134075164794922,8360,0,0,0,0,-1.451177615,,experiments/adaptive_map_v1/validation/geode_waterway_medium/ours_no_adaptive/run01/runtime.csv,e5802caacd9b6e5af7af29c386ff82534a4c93324bb7230bb6188feca17e6582,experiments/adaptive_map_v1/validation/geode_waterway_medium/ours_no_adaptive/run01/evaluation_v1,GEODE original local conversion + rmse.py
geode_waterway_medium,ours_adaptive,run01,0.840257,True,1,True,4,directory/history or user confirmation; no runtime config snapshot,8359,835.9047102928162,0.19734716415405273,4810,3549,0,0,223153,-0.615022213,,experiments/adaptive_map_v1/validation/geode_waterway_medium/ours_adaptive/run01/runtime.csv,69f1a63c8cc772fe5f1eb0d60e2ff280edbdb38affccc0d4f78be663747a55c2,experiments/adaptive_map_v1/validation/geode_waterway_medium/ours_adaptive/run01/evaluation_v1,GEODE original local conversion + rmse.py
ntu_spms1,fastlio2,run01,2.162181471085823,True,NA,True,dataset_config,directory/history or user confirmation; no runtime config snapshot,3906,417.6905107498169,0.4031493663787842,0,0,0,0,0,0.160996009,,experiments/adaptive_map_v1/validation/ntu_spms1/fastlio2/run01/runtime.csv,40746a21db721845bba890074a9ef45c36d2a321767e37d71f8ece23b55b8482,experiments/adaptive_map_v1/validation/ntu_spms1/fastlio2/run01/evaluation_v1,Local Python implementation of NTU VIRAL protocol; not official MATLAB execution
ntu_spms1,ours_no_adaptive,run01,5.610317185732062,True,0,True,dataset_config,directory/history or user confirmation; no runtime config snapshot,3617,417.5926938056946,0.7002205848693848,3617,0,0,0,0,-9.964774924,,experiments/adaptive_map_v1/validation/ntu_spms1/ours_no_adaptive/run01/runtime.csv,fdde7713e7e7cc74c4b616e430a5cc6f0f6501b45369d900fe698948a1d6712b,experiments/adaptive_map_v1/validation/ntu_spms1/ours_no_adaptive/run01/evaluation_v1,Local Python implementation of NTU VIRAL protocol; not official MATLAB execution
ntu_spms1,ours_adaptive,run01,0.26719442955382067,True,1,True,dataset_config,directory/history or user confirmation; no runtime config snapshot,3933,417.5926938056946,0.3007032871246338,3681,252,0,0,384957,0.154850771,,experiments/adaptive_map_v1/validation/ntu_spms1/ours_adaptive/run01/runtime.csv,a9d1d360f8375b0980c43a59e9142123e4eb423dd6067ee77a1e6f448bbf9ee2,experiments/adaptive_map_v1/validation/ntu_spms1/ours_adaptive/run01/evaluation_v1,Local Python implementation of NTU VIRAL protocol; not official MATLAB execution
ntu_spms2,fastlio2,run01,2.421477512558007,True,NA,True,dataset_config,directory/history or user confirmation; no runtime config snapshot,3403,364.78965282440186,0.5227625370025635,0,0,0,0,0,2.066408994,,experiments/adaptive_map_v1/validation/ntu_spms2/fastlio2/run01/runtime.csv,0a1b319aa40949cd585d9a53de6282cf2ebdc5af1644731027babfe499f30ba2,experiments/adaptive_map_v1/validation/ntu_spms2/fastlio2/run01/evaluation_v1,Local Python implementation of NTU VIRAL protocol; not official MATLAB execution
ntu_spms2,ours_no_adaptive,run01,4.142780921501424,True,0,True,dataset_config,directory/history or user confirmation; no runtime config snapshot,3523,364.59120202064514,0.30025482177734375,3523,0,0,0,0,1.190725512,,experiments/adaptive_map_v1/validation/ntu_spms2/ours_no_adaptive/run01/runtime.csv,32505f6c9335fe22b3fbd55b15212eeae10b046e7e6e0fe079a6d1a1188e2255,experiments/adaptive_map_v1/validation/ntu_spms2/ours_no_adaptive/run01/evaluation_v1,Local Python implementation of NTU VIRAL protocol; not official MATLAB execution
ntu_spms2,ours_adaptive,run01,4.828395130653645,True,1,True,dataset_config,directory/history or user confirmation; no runtime config snapshot,3494,364.59120202064514,0.30005693435668945,2964,530,0,0,397138,0.730378505,,experiments/adaptive_map_v1/validation/ntu_spms2/ours_adaptive/run01/runtime.csv,b0c762a393cad582e792b7b034d1d3bc1d79d5bcd2b3a0e9178d72a08015aaa4,experiments/adaptive_map_v1/validation/ntu_spms2/ours_adaptive/run01/evaluation_v1,Local Python implementation of NTU VIRAL protocol; not official MATLAB execution
ntu_spms3,fastlio2,run01,1.5438630277265104,True,NA,True,dataset_config,directory/history or user confirmation; no runtime config snapshot,3541,381.29174733161926,0.5237057209014893,0,0,0,0,0,-0.589308624,,experiments/adaptive_map_v1/validation/ntu_spms3/fastlio2/run01/runtime.csv,ba9018a1fb88cdfaebd3498992f6b828dbee39f89cf3c635e9a111fb0dcbe5f5,experiments/adaptive_map_v1/validation/ntu_spms3/fastlio2/run01/evaluation_v1,Local Python implementation of NTU VIRAL protocol; not official MATLAB execution
ntu_spms3,ours_no_adaptive,run01,1.4233217987022322,True,0,True,dataset_config,directory/history or user confirmation; no runtime config snapshot,3611,381.18984508514404,0.5000090599060059,3611,0,0,0,0,-0.412038197,,experiments/adaptive_map_v1/validation/ntu_spms3/ours_no_adaptive/run01/runtime.csv,2c28014fd7bb1c9ff3aa42a8afa21b019476acb61fe0135682bbdf3be3361f46,experiments/adaptive_map_v1/validation/ntu_spms3/ours_no_adaptive/run01/evaluation_v1,Local Python implementation of NTU VIRAL protocol; not official MATLAB execution
ntu_spms3,ours_adaptive,run01,0.4529992464140154,True,1,True,dataset_config,directory/history or user confirmation; no runtime config snapshot,3652,381.18984508514404,0.2999868392944336,3205,447,0,0,442131,0.438294804,,experiments/adaptive_map_v1/validation/ntu_spms3/ours_adaptive/run01/runtime.csv,5262b4a03e769829bb56d669d0ca4892ab076ec4fea784cf916d1c5fd1a3c824,experiments/adaptive_map_v1/validation/ntu_spms3/ours_adaptive/run01/evaluation_v1,Local Python implementation of NTU VIRAL protocol; not official MATLAB execution
subt_hawkins,fastlio2,run01,6.546465,True,NA,True,dataset_config,directory/history or user confirmation; no runtime config snapshot,2288,278.3566906452179,1.1093978881835938,0,0,0,0,0,-0.236000501,,experiments/adaptive_map_v1/validation/subt_hawkins/fastlio2/run01/runtime.csv,92abdf6036d5dc273510792320c86ff179047e40e5cfa6c8ec00ea737b04984e,experiments/adaptive_map_v1/validation/subt_hawkins/fastlio2/run01/evaluation_v1,"SubT evo SE(3) alignment, max_diff=0.1s, offset=0"
subt_hawkins,ours_no_adaptive,run01,1.530303,True,0,True,dataset_config,directory/history or user confirmation; no runtime config snapshot,2540,277.95324897766113,0.403439998626709,2540,0,0,0,0,0.097627319,,experiments/adaptive_map_v1/validation/subt_hawkins/ours_no_adaptive/run01/runtime.csv,5c86db138e76131b61d63f96a2003373c897dd9ce6c5047319092c0037f6b76c,experiments/adaptive_map_v1/validation/subt_hawkins/ours_no_adaptive/run01/evaluation_v1,"SubT evo SE(3) alignment, max_diff=0.1s, offset=0"
subt_hawkins,ours_adaptive,run01,1.4596,True,1,True,dataset_config,directory/history or user confirmation; no runtime config snapshot,2526,277.95324897766113,0.40338706970214844,2313,78,135,0,25089,0.096271933,,experiments/adaptive_map_v1/validation/subt_hawkins/ours_adaptive/run01/runtime.csv,459443bc983920f5b81c4781828ee1c3f905d430bfdfb537adea404ab4760ede,experiments/adaptive_map_v1/validation/subt_hawkins/ours_adaptive/run01/evaluation_v1,"SubT evo SE(3) alignment, max_diff=0.1s, offset=0"
