time,current_id,candidate_id,scan_context_distance,icp_fitness,threshold,trans_error,yaw_error,degenerate_pair,accepted,target_points,source_points,reason,directional_noise_applied,directional_translation_scale,weak_tx,weak_ty,weak_tz
1517157236.233263254,42,9,0.149901144,1.495474117,0.300000000,nan,nan,0,0,2941,1090,fitness_reject,0,1.000000000,0.000000000,0.000000000,0.000000000
1517157236.636703253,44,9,0.157440329,1.752737236,0.300000000,nan,nan,0,0,2941,1070,fitness_reject,0,1.000000000,0.000000000,0.000000000,0.000000000
1517157236.838423252,45,9,0.167358739,0.691190269,0.300000000,nan,nan,0,0,2941,1075,fitness_reject,0,1.000000000,0.000000000,0.000000000,0.000000000
1517157237.746102333,49,17,0.147167338,0.470696113,0.300000000,nan,nan,0,0,2501,1089,fitness_reject,0,1.000000000,0.000000000,0.000000000,0.000000000
1517157237.947822332,50,8,0.154114572,1.611345428,0.300000000,nan,nan,0,0,2877,1101,fitness_reject,0,1.000000000,0.000000000,0.000000000,0.000000000
1517157239.158021212,56,10,0.158501121,4.236174161,0.300000000,nan,nan,0,0,3070,1087,fitness_reject,0,1.000000000,0.000000000,0.000000000,0.000000000
1517157239.359741211,57,26,0.134485306,0.210810842,0.300000000,0.145719981,0.001496525,0,1,2554,1078,accepted,0,1.000000000,0.000000000,0.000000000,0.000000000
1517157239.561461210,58,26,0.130873386,nan,nan,nan,nan,0,0,0,1095,current_cooldown_reject,0,1.000000000,0.000000000,0.000000000,0.000000000
1517157239.964901209,60,28,0.126107772,nan,nan,nan,nan,0,0,0,1044,current_cooldown_reject,0,1.000000000,0.000000000,0.000000000,0.000000000
1517157240.166559219,61,28,0.139592347,nan,nan,nan,nan,0,0,0,1050,current_cooldown_reject,0,1.000000000,0.000000000,0.000000000,0.000000000
1517157240.368279219,62,10,0.149311387,nan,nan,nan,nan,0,0,0,1088,current_cooldown_reject,0,1.000000000,0.000000000,0.000000000,0.000000000
1517157240.670859337,63,17,0.160631517,nan,nan,nan,nan,0,0,0,1163,current_cooldown_reject,0,1.000000000,0.000000000,0.000000000,0.000000000
1517157240.973439217,64,26,0.068959411,nan,nan,nan,nan,0,0,0,1121,current_cooldown_reject,0,1.000000000,0.000000000,0.000000000,0.000000000
1517157241.175098181,65,28,0.095091450,nan,nan,nan,nan,0,0,0,1106,current_cooldown_reject,0,1.000000000,0.000000000,0.000000000,0.000000000
1517157241.376818180,66,27,0.139770648,nan,nan,nan,nan,0,0,0,1119,current_cooldown_reject,0,1.000000000,0.000000000,0.000000000,0.000000000
1517157242.385376215,70,26,0.139666564,nan,nan,nan,nan,0,0,0,1077,candidate_cooldown_reject,0,1.000000000,0.000000000,0.000000000,0.000000000
1517157242.587096214,71,28,0.122873620,nan,nan,nan,nan,0,0,0,1108,candidate_cooldown_reject,0,1.000000000,0.000000000,0.000000000,0.000000000
1517157242.788816214,72,27,0.125095633,nan,nan,nan,nan,0,0,0,1092,candidate_cooldown_reject,0,1.000000000,0.000000000,0.000000000,0.000000000
1517157242.990536213,73,28,0.179987042,nan,nan,nan,nan,0,0,0,1095,candidate_cooldown_reject,0,1.000000000,0.000000000,0.000000000,0.000000000
1517157243.192184210,74,28,0.083478891,nan,nan,nan,nan,0,0,0,1111,candidate_cooldown_reject,0,1.000000000,0.000000000,0.000000000,0.000000000
1517157243.797344208,77,26,0.144937018,nan,nan,nan,nan,0,0,0,1123,candidate_cooldown_reject,0,1.000000000,0.000000000,0.000000000,0.000000000
1517157243.999064207,78,45,0.175165682,nan,nan,nan,nan,0,0,0,1136,candidate_cooldown_reject,0,1.000000000,0.000000000,0.000000000,0.000000000
1517157244.200714350,79,26,0.163271870,nan,nan,nan,nan,0,0,0,1123,candidate_cooldown_reject,0,1.000000000,0.000000000,0.000000000,0.000000000
1517157244.402435303,80,45,0.146704818,nan,nan,nan,nan,0,0,0,1078,candidate_cooldown_reject,0,1.000000000,0.000000000,0.000000000,0.000000000
1517157244.604155302,81,45,0.171528817,nan,nan,nan,nan,0,0,0,1119,candidate_cooldown_reject,0,1.000000000,0.000000000,0.000000000,0.000000000
1517157244.805875301,82,44,0.147921055,nan,nan,nan,nan,0,0,0,1090,candidate_cooldown_reject,0,1.000000000,0.000000000,0.000000000,0.000000000
1517157245.007535219,83,45,0.146390601,nan,nan,nan,nan,0,0,0,1141,candidate_cooldown_reject,0,1.000000000,0.000000000,0.000000000,0.000000000
1517157245.209255219,84,45,0.089137713,nan,nan,nan,nan,0,0,0,1128,candidate_cooldown_reject,0,1.000000000,0.000000000,0.000000000,0.000000000
1517157245.410975218,85,26,0.104408185,nan,nan,nan,nan,0,0,0,1075,candidate_cooldown_reject,0,1.000000000,0.000000000,0.000000000,0.000000000
1517157245.612695217,86,45,0.081315562,nan,nan,nan,nan,0,0,0,1070,candidate_cooldown_reject,0,1.000000000,0.000000000,0.000000000,0.000000000
1517157245.814415216,87,51,0.161359060,0.784453206,0.300000000,nan,nan,0,0,2272,1057,fitness_reject,0,1.000000000,0.000000000,0.000000000,0.000000000
1517157246.419514179,90,51,0.134008030,2.212935672,0.300000000,nan,nan,0,0,2272,1058,fitness_reject,0,1.000000000,0.000000000,0.000000000,0.000000000
1517157246.621234179,91,27,0.145313496,nan,nan,nan,nan,0,0,0,1077,candidate_cooldown_reject,0,1.000000000,0.000000000,0.000000000,0.000000000
1517157246.822954178,92,27,0.078920403,nan,nan,nan,nan,0,0,0,1054,candidate_cooldown_reject,0,1.000000000,0.000000000,0.000000000,0.000000000
1517157247.024613380,93,26,0.097082155,nan,nan,nan,nan,0,0,0,1043,candidate_cooldown_reject,0,1.000000000,0.000000000,0.000000000,0.000000000
1517157247.226333380,94,26,0.093742914,nan,nan,nan,nan,0,0,0,1053,candidate_cooldown_reject,0,1.000000000,0.000000000,0.000000000,0.000000000
1517157247.428053617,95,60,0.137051954,0.485584859,0.300000000,nan,nan,0,0,2430,1052,fitness_reject,0,1.000000000,0.000000000,0.000000000,0.000000000
1517157247.629773378,96,57,0.131520127,1.246850066,0.300000000,nan,nan,0,0,2308,1056,fitness_reject,0,1.000000000,0.000000000,0.000000000,0.000000000
1517157248.234871387,99,26,0.129914152,nan,nan,nan,nan,0,0,0,1078,candidate_cooldown_reject,0,1.000000000,0.000000000,0.000000000,0.000000000
1517157248.436592340,100,26,0.110295038,nan,nan,nan,nan,0,0,0,1041,candidate_cooldown_reject,0,1.000000000,0.000000000,0.000000000,0.000000000
1517157248.638312340,101,57,0.099586206,3.065138668,0.300000000,nan,nan,0,0,2308,1062,fitness_reject,0,1.000000000,0.000000000,0.000000000,0.000000000
1517157248.840032339,102,54,0.096552995,0.964815919,0.300000000,nan,nan,0,0,2344,1041,fitness_reject,0,1.000000000,0.000000000,0.000000000,0.000000000
1517157249.041690350,103,57,0.128045861,2.561478382,0.300000000,nan,nan,0,0,2308,1033,fitness_reject,0,1.000000000,0.000000000,0.000000000,0.000000000
1517157249.243410349,104,71,0.104221764,1.314046864,0.300000000,nan,nan,0,0,2614,1039,fitness_reject,0,1.000000000,0.000000000,0.000000000,0.000000000
1517157249.445130348,105,64,0.176260869,1.464747178,0.300000000,nan,nan,0,0,2574,1068,fitness_reject,0,1.000000000,0.000000000,0.000000000,0.000000000
1517157249.646850348,106,64,0.165509900,1.544040078,0.300000000,nan,nan,0,0,2574,1063,fitness_reject,0,1.000000000,0.000000000,0.000000000,0.000000000
1517157249.848570347,107,62,0.054513658,0.757763620,0.300000000,nan,nan,0,0,2495,1058,fitness_reject,0,1.000000000,0.000000000,0.000000000,0.000000000
1517157250.050235510,108,60,0.104776974,1.149361724,0.300000000,nan,nan,0,0,2430,1147,fitness_reject,0,1.000000000,0.000000000,0.000000000,0.000000000
1517157250.554536343,110,71,0.158446375,1.931426281,0.300000000,nan,nan,0,0,2614,1133,fitness_reject,0,1.000000000,0.000000000,0.000000000,0.000000000
1517157250.756256342,111,59,0.113537623,2.699926126,0.300000000,nan,nan,0,0,2431,1114,fitness_reject,0,1.000000000,0.000000000,0.000000000,0.000000000
1517157250.957976341,112,28,0.096982412,nan,nan,nan,nan,0,0,0,1126,candidate_cooldown_reject,0,1.000000000,0.000000000,0.000000000,0.000000000
1517157251.159628391,113,26,0.036255725,nan,nan,nan,nan,0,0,0,1119,candidate_cooldown_reject,0,1.000000000,0.000000000,0.000000000,0.000000000
1517157251.361348391,114,65,0.137354223,0.613280329,0.300000000,nan,nan,0,0,2630,1157,fitness_reject,0,1.000000000,0.000000000,0.000000000,0.000000000
1517157251.563068390,115,57,0.131278734,5.534873385,0.300000000,nan,nan,0,0,2308,1138,fitness_reject,0,1.000000000,0.000000000,0.000000000,0.000000000
1517157251.764788389,116,72,0.132594394,0.475893155,0.300000000,nan,nan,0,0,2677,1074,fitness_reject,0,1.000000000,0.000000000,0.000000000,0.000000000
1517157251.966508389,117,53,0.092315274,2.008138623,0.300000000,nan,nan,0,0,2245,1092,fitness_reject,0,1.000000000,0.000000000,0.000000000,0.000000000
1517157252.168167353,118,57,0.156388480,1.532400755,0.300000000,nan,nan,0,0,2308,1074,fitness_reject,0,1.000000000,0.000000000,0.000000000,0.000000000
1517157252.369888306,119,60,0.111883900,1.264504283,0.300000000,nan,nan,0,0,2430,1066,fitness_reject,0,1.000000000,0.000000000,0.000000000,0.000000000
1517157252.571608305,120,62,0.121907922,1.052008348,0.300000000,nan,nan,0,0,2495,1063,fitness_reject,0,1.000000000,0.000000000,0.000000000,0.000000000
1517157252.773328304,121,57,0.123898930,2.090150989,0.300000000,nan,nan,0,0,2308,1024,fitness_reject,0,1.000000000,0.000000000,0.000000000,0.000000000
1517157252.975048304,122,57,0.144537740,4.223032441,0.300000000,nan,nan,0,0,2308,1069,fitness_reject,0,1.000000000,0.000000000,0.000000000,0.000000000
1517157253.176707268,123,72,0.075036251,0.508804107,0.300000000,nan,nan,0,0,2677,1031,fitness_reject,0,1.000000000,0.000000000,0.000000000,0.000000000
1517157253.378427505,124,58,0.063747335,5.702279201,0.300000000,nan,nan,0,0,2348,1047,fitness_reject,0,1.000000000,0.000000000,0.000000000,0.000000000
1517157253.580147266,125,56,0.101610375,4.845969621,0.300000000,nan,nan,0,0,2342,1004,fitness_reject,0,1.000000000,0.000000000,0.000000000,0.000000000
1517157253.882727385,126,57,0.148292002,1.629572822,0.300000000,nan,nan,0,0,2308,1070,fitness_reject,0,1.000000000,0.000000000,0.000000000,0.000000000
1517157254.185245275,127,28,0.141978275,nan,nan,nan,nan,0,0,0,1050,candidate_cooldown_reject,0,1.000000000,0.000000000,0.000000000,0.000000000
1517157254.689546347,129,86,0.069644654,0.518256827,0.300000000,nan,nan,0,0,2494,1010,fitness_reject,0,1.000000000,0.000000000,0.000000000,0.000000000
1517157254.891266346,130,26,0.151369874,nan,nan,nan,nan,0,0,0,1116,candidate_cooldown_reject,0,1.000000000,0.000000000,0.000000000,0.000000000
1517157255.294644594,132,62,0.162305388,2.682653152,0.300000000,nan,nan,0,0,2495,1004,fitness_reject,0,1.000000000,0.000000000,0.000000000,0.000000000
1517157255.496364355,134,51,0.149466956,4.915603794,0.300000000,nan,nan,0,0,2272,1008,fitness_reject,0,1.000000000,0.000000000,0.000000000,0.000000000
1517157255.597224236,135,71,0.070268752,1.079324723,0.300000000,nan,nan,0,0,2614,1061,fitness_reject,0,1.000000000,0.000000000,0.000000000,0.000000000
1517157255.798944235,136,57,0.080722927,6.848101559,0.300000000,nan,nan,0,0,2308,1280,fitness_reject,0,1.000000000,0.000000000,0.000000000,0.000000000
1517157256.202323198,137,64,0.156524675,1.613309189,0.300000000,nan,nan,0,0,2574,1122,fitness_reject,0,1.000000000,0.000000000,0.000000000,0.000000000
1517157258.421122313,145,53,0.158509234,7.865224502,0.300000000,nan,nan,0,0,2245,1057,fitness_reject,0,1.000000000,0.000000000,0.000000000,0.000000000
1517157258.723702192,146,65,0.131470928,4.297241878,0.300000000,nan,nan,0,0,2630,1015,fitness_reject,0,1.000000000,0.000000000,0.000000000,0.000000000
1517157259.026221275,147,113,0.084025332,0.307711608,0.300000000,nan,nan,0,0,2520,1011,fitness_reject,0,1.000000000,0.000000000,0.000000000,0.000000000
1517157259.227941275,148,108,0.056403833,0.381248588,0.300000000,nan,nan,0,0,2591,1030,fitness_reject,0,1.000000000,0.000000000,0.000000000,0.000000000
1517157259.429661274,149,113,0.066599060,0.333630637,0.300000000,nan,nan,0,0,2520,1068,fitness_reject,0,1.000000000,0.000000000,0.000000000,0.000000000
1517157259.631381273,150,47,0.070225285,9.415605584,0.300000000,nan,nan,0,0,2888,1083,fitness_reject,0,1.000000000,0.000000000,0.000000000,0.000000000
1517157259.833101273,151,43,0.126068281,nan,nan,nan,nan,0,0,0,1076,candidate_cooldown_reject,0,1.000000000,0.000000000,0.000000000,0.000000000
1517157260.034759283,152,116,0.109865206,0.413029613,0.300000000,nan,nan,0,0,2490,1102,fitness_reject,0,1.000000000,0.000000000,0.000000000,0.000000000
1517157260.236480236,153,53,0.169137094,8.070412006,0.300000000,nan,nan,0,0,2245,1156,fitness_reject,0,1.000000000,0.000000000,0.000000000,0.000000000
1517157260.438200235,154,47,0.150210761,18.167355118,0.300000000,nan,nan,0,0,2888,1286,fitness_reject,0,1.000000000,0.000000000,0.000000000,0.000000000
1517157260.639920235,155,47,0.167651792,21.156348733,0.300000000,nan,nan,0,0,2888,1305,fitness_reject,0,1.000000000,0.000000000,0.000000000,0.000000000
1517157261.043298244,157,50,0.148568580,15.042624905,0.300000000,nan,nan,0,0,2337,1189,fitness_reject,0,1.000000000,0.000000000,0.000000000,0.000000000
1517157261.245018482,158,71,0.159660278,3.217336527,0.300000000,nan,nan,0,0,2614,1113,fitness_reject,0,1.000000000,0.000000000,0.000000000,0.000000000
1517157261.446738243,159,53,0.121521359,8.793768091,0.300000000,nan,nan,0,0,2245,1139,fitness_reject,0,1.000000000,0.000000000,0.000000000,0.000000000
1517157261.648458242,160,57,0.064684767,7.455841258,0.300000000,nan,nan,0,0,2308,1084,fitness_reject,0,1.000000000,0.000000000,0.000000000,0.000000000
1517157261.850178242,161,28,0.094678734,nan,nan,nan,nan,0,0,0,1089,candidate_cooldown_reject,0,1.000000000,0.000000000,0.000000000,0.000000000
1517157262.051836252,162,60,0.148374145,7.812111987,0.300000000,nan,nan,0,0,2430,1082,fitness_reject,0,1.000000000,0.000000000,0.000000000,0.000000000
1517157262.253557205,163,108,0.049948563,0.671909251,0.300000000,nan,nan,0,0,2591,1079,fitness_reject,0,1.000000000,0.000000000,0.000000000,0.000000000
1517157262.455277205,164,59,0.041663352,4.061983836,0.300000000,nan,nan,0,0,2431,1078,fitness_reject,0,1.000000000,0.000000000,0.000000000,0.000000000
1517157262.656997204,165,60,0.030068914,8.174976252,0.300000000,nan,nan,0,0,2430,1114,fitness_reject,0,1.000000000,0.000000000,0.000000000,0.000000000
1517157262.858717203,166,60,0.042585600,7.680562697,0.300000000,nan,nan,0,0,2430,1106,fitness_reject,0,1.000000000,0.000000000,0.000000000,0.000000000
1517157263.060377359,167,61,0.062729502,7.703954721,0.300000000,nan,nan,0,0,2501,1084,fitness_reject,0,1.000000000,0.000000000,0.000000000,0.000000000
1517157263.262097359,168,131,0.169229966,0.168262842,0.300000000,0.042002394,0.001166885,0,1,2984,1165,accepted,0,1.000000000,0.000000000,0.000000000,0.000000000
1517157263.463817358,169,104,0.134395704,nan,nan,nan,nan,0,0,0,1159,current_cooldown_reject,0,1.000000000,0.000000000,0.000000000,0.000000000
1517157263.665537357,170,31,0.067667356,nan,nan,nan,nan,0,0,0,1090,candidate_cooldown_reject,0,1.000000000,0.000000000,0.000000000,0.000000000
1517157263.867257357,171,110,0.143094429,nan,nan,nan,nan,0,0,0,1122,current_cooldown_reject,0,1.000000000,0.000000000,0.000000000,0.000000000
1517157264.068924189,172,108,0.145311879,nan,nan,nan,nan,0,0,0,1096,current_cooldown_reject,0,1.000000000,0.000000000,0.000000000,0.000000000
1517157264.270645618,173,127,0.138652262,nan,nan,nan,nan,0,0,0,1070,current_cooldown_reject,0,1.000000000,0.000000000,0.000000000,0.000000000
1517157264.472365379,174,86,0.080502309,nan,nan,nan,nan,0,0,0,1082,current_cooldown_reject,0,1.000000000,0.000000000,0.000000000,0.000000000
1517157264.674085379,175,65,0.109945324,nan,nan,nan,nan,0,0,0,1048,current_cooldown_reject,0,1.000000000,0.000000000,0.000000000,0.000000000
1517157264.875805378,176,133,0.126526626,nan,nan,nan,nan,0,0,0,1020,current_cooldown_reject,0,1.000000000,0.000000000,0.000000000,0.000000000
1517157265.077454329,177,28,0.113197947,nan,nan,nan,nan,0,0,0,1043,candidate_cooldown_reject,0,1.000000000,0.000000000,0.000000000,0.000000000
1517157265.279174328,178,100,0.072689887,1.174977701,0.300000000,nan,nan,0,0,2518,1025,fitness_reject,0,1.000000000,0.000000000,0.000000000,0.000000000
1517157265.480894327,179,71,0.049455724,4.411334574,0.300000000,nan,nan,0,0,2614,1007,fitness_reject,0,1.000000000,0.000000000,0.000000000,0.000000000
1517157265.682614326,180,104,0.060071623,nan,nan,nan,nan,0,0,0,1010,loop_pair_cooldown_reject,0,1.000000000,0.000000000,0.000000000,0.000000000
1517157265.884334326,181,49,0.117646453,13.548652667,0.300000000,nan,nan,0,0,2515,1026,fitness_reject,0,1.000000000,0.000000000,0.000000000,0.000000000
1517157266.085992336,182,102,0.045784979,nan,nan,nan,nan,0,0,0,1022,loop_pair_cooldown_reject,0,1.000000000,0.000000000,0.000000000,0.000000000
1517157266.287713289,183,113,0.073782033,nan,nan,nan,nan,0,0,0,1051,candidate_cooldown_reject,0,1.000000000,0.000000000,0.000000000,0.000000000
1517157266.489433289,184,102,0.101809067,nan,nan,nan,nan,0,0,0,1043,loop_pair_cooldown_reject,0,1.000000000,0.000000000,0.000000000,0.000000000
1517157266.691153526,185,65,0.119755041,5.986474789,0.300000000,nan,nan,0,0,2630,1039,fitness_reject,0,1.000000000,0.000000000,0.000000000,0.000000000
1517157266.892873287,186,108,0.147706104,nan,nan,nan,nan,0,0,0,1034,loop_pair_cooldown_reject,0,1.000000000,0.000000000,0.000000000,0.000000000
1517157267.094533205,187,108,0.141306188,nan,nan,nan,nan,0,0,0,1155,loop_pair_cooldown_reject,0,1.000000000,0.000000000,0.000000000,0.000000000
1517157267.296253204,188,119,0.155025043,nan,nan,nan,nan,0,0,0,1129,candidate_cooldown_reject,0,1.000000000,0.000000000,0.000000000,0.000000000
1517157267.497973204,189,108,0.125267130,nan,nan,nan,nan,0,0,0,1092,loop_pair_cooldown_reject,0,1.000000000,0.000000000,0.000000000,0.000000000
1517157267.699693203,190,124,0.140083507,nan,nan,nan,nan,0,0,0,1096,candidate_cooldown_reject,0,1.000000000,0.000000000,0.000000000,0.000000000
1517157267.901413202,191,65,0.145836461,5.217861819,0.300000000,nan,nan,0,0,2630,1083,fitness_reject,0,1.000000000,0.000000000,0.000000000,0.000000000
1517157268.103070259,192,86,0.073829109,9.422978997,0.300000000,nan,nan,0,0,2494,1075,fitness_reject,0,1.000000000,0.000000000,0.000000000,0.000000000
1517157268.304791212,193,113,0.108443690,nan,nan,nan,nan,0,0,0,1070,candidate_cooldown_reject,0,1.000000000,0.000000000,0.000000000,0.000000000
1517157268.506511211,194,113,0.100180289,nan,nan,nan,nan,0,0,0,1089,candidate_cooldown_reject,0,1.000000000,0.000000000,0.000000000,0.000000000
1517157268.708231211,195,127,0.173693886,nan,nan,nan,nan,0,0,0,1082,candidate_cooldown_reject,0,1.000000000,0.000000000,0.000000000,0.000000000
1517157268.909951210,196,147,0.111968037,nan,nan,nan,nan,0,0,0,1061,candidate_cooldown_reject,0,1.000000000,0.000000000,0.000000000,0.000000000
1517157269.111611366,197,86,0.110154252,12.143723840,0.300000000,nan,nan,0,0,2494,1054,fitness_reject,0,1.000000000,0.000000000,0.000000000,0.000000000
1517157269.414191246,198,86,0.110636662,13.651786430,0.300000000,nan,nan,0,0,2494,1046,fitness_reject,0,1.000000000,0.000000000,0.000000000,0.000000000
1517157269.615911245,199,94,0.155755631,13.895380898,0.300000000,nan,nan,0,0,2480,1063,fitness_reject,0,1.000000000,0.000000000,0.000000000,0.000000000
1517157269.817631245,200,102,0.134519490,3.339340592,0.300000000,nan,nan,0,0,2542,1091,fitness_reject,0,1.000000000,0.000000000,0.000000000,0.000000000
1517157270.019289255,201,161,0.064739436,0.318919471,0.300000000,nan,nan,0,0,2777,1059,fitness_reject,0,1.000000000,0.000000000,0.000000000,0.000000000
1517157270.221010208,202,123,0.101142316,nan,nan,nan,nan,0,0,0,1014,candidate_cooldown_reject,0,1.000000000,0.000000000,0.000000000,0.000000000
1517157270.523590326,203,161,0.028725304,0.344137473,0.300000000,nan,nan,0,0,2777,1024,fitness_reject,0,1.000000000,0.000000000,0.000000000,0.000000000
1517157270.725310326,204,99,0.098470249,4.041193460,0.300000000,nan,nan,0,0,2490,991,fitness_reject,0,1.000000000,0.000000000,0.000000000,0.000000000
1517157270.927030325,205,108,0.103023926,3.169266308,0.300000000,nan,nan,0,0,2591,1028,fitness_reject,0,1.000000000,0.000000000,0.000000000,0.000000000
1517157271.128689289,206,174,0.174621979,0.269622441,0.300000000,0.066409953,0.007284633,0,1,2378,1006,accepted,0,1.000000000,0.000000000,0.000000000,0.000000000
1517157271.330409288,207,111,0.167792546,nan,nan,nan,nan,0,0,0,1052,current_cooldown_reject,0,1.000000000,0.000000000,0.000000000,0.000000000
1517157273.952646255,221,169,0.171881293,nan,nan,nan,nan,0,0,0,1452,candidate_cooldown_reject,0,1.000000000,0.000000000,0.000000000,0.000000000
1517157274.557743073,224,112,0.172364784,nan,nan,nan,nan,0,0,0,1286,candidate_cooldown_reject,0,1.000000000,0.000000000,0.000000000,0.000000000
1517157275.061985254,226,130,0.139405688,nan,nan,nan,nan,0,0,0,1114,candidate_cooldown_reject,0,1.000000000,0.000000000,0.000000000,0.000000000
1517157275.969725370,230,169,0.164493968,nan,nan,nan,nan,0,0,0,1088,candidate_cooldown_reject,0,1.000000000,0.000000000,0.000000000,0.000000000
1517157276.473962307,232,60,0.093055158,20.620963276,0.300000000,nan,nan,0,0,2430,1074,fitness_reject,0,1.000000000,0.000000000,0.000000000,0.000000000
1517157276.675683260,233,163,0.085788532,nan,nan,nan,nan,0,0,0,1067,candidate_cooldown_reject,0,1.000000000,0.000000000,0.000000000,0.000000000
1517157276.978263378,234,122,0.109003005,nan,nan,nan,nan,0,0,0,1035,candidate_cooldown_reject,0,1.000000000,0.000000000,0.000000000,0.000000000
1517157277.280783176,235,147,0.144901060,nan,nan,nan,nan,0,0,0,1031,candidate_cooldown_reject,0,1.000000000,0.000000000,0.000000000,0.000000000
1517157277.583363295,236,123,0.091166646,nan,nan,nan,nan,0,0,0,993,candidate_cooldown_reject,0,1.000000000,0.000000000,0.000000000,0.000000000
1517157277.885943413,237,175,0.080336450,nan,nan,nan,nan,0,0,0,958,candidate_cooldown_reject,0,1.000000000,0.000000000,0.000000000,0.000000000
1517157278.491042376,239,130,0.061230010,nan,nan,nan,nan,0,0,0,895,candidate_cooldown_reject,0,1.000000000,0.000000000,0.000000000,0.000000000
1517157278.692762375,240,113,0.092864114,nan,nan,nan,nan,0,0,0,899,candidate_cooldown_reject,0,1.000000000,0.000000000,0.000000000,0.000000000
1517157278.894482374,241,175,0.069721902,nan,nan,nan,nan,0,0,0,919,candidate_cooldown_reject,0,1.000000000,0.000000000,0.000000000,0.000000000
1517157279.096140385,242,183,0.061159590,nan,nan,nan,nan,0,0,0,933,candidate_cooldown_reject,0,1.000000000,0.000000000,0.000000000,0.000000000
1517157279.297860384,243,128,0.155422854,nan,nan,nan,nan,0,0,0,952,candidate_cooldown_reject,0,1.000000000,0.000000000,0.000000000,0.000000000
1517157279.499580383,244,113,0.068727808,nan,nan,nan,nan,0,0,0,953,candidate_cooldown_reject,0,1.000000000,0.000000000,0.000000000,0.000000000
1517157279.701300383,245,110,0.109988200,13.139476505,0.300000000,nan,nan,0,0,2549,955,fitness_reject,0,1.000000000,0.000000000,0.000000000,0.000000000
1517157279.903020382,246,183,0.020807494,nan,nan,nan,nan,0,0,0,969,candidate_cooldown_reject,0,1.000000000,0.000000000,0.000000000,0.000000000
1517157280.104679346,247,64,0.073541153,16.594569342,0.300000000,nan,nan,0,0,2574,982,fitness_reject,0,1.000000000,0.000000000,0.000000000,0.000000000
1517157280.407259226,248,163,0.057132676,nan,nan,nan,nan,0,0,0,993,candidate_cooldown_reject,0,1.000000000,0.000000000,0.000000000,0.000000000
1517157280.608979225,249,113,0.146340229,nan,nan,nan,nan,0,0,0,1019,candidate_cooldown_reject,0,1.000000000,0.000000000,0.000000000,0.000000000
1517157280.810699224,250,117,0.130414224,nan,nan,nan,nan,0,0,0,959,candidate_cooldown_reject,0,1.000000000,0.000000000,0.000000000,0.000000000
1517157281.012358189,251,61,0.118630681,43.880620365,0.300000000,nan,nan,0,0,2501,1076,fitness_reject,0,1.000000000,0.000000000,0.000000000,0.000000000
1517157281.214078188,252,115,0.108072146,nan,nan,nan,nan,0,0,0,1022,candidate_cooldown_reject,0,1.000000000,0.000000000,0.000000000,0.000000000
1517157281.415798187,253,146,0.075868691,nan,nan,nan,nan,0,0,0,1122,candidate_cooldown_reject,0,1.000000000,0.000000000,0.000000000,0.000000000
1517157281.617518187,254,191,0.172756911,nan,nan,nan,nan,0,0,0,1122,candidate_cooldown_reject,0,1.000000000,0.000000000,0.000000000,0.000000000
1517157281.819238186,255,65,0.136595876,21.199848214,0.300000000,nan,nan,0,0,2630,1154,fitness_reject,0,1.000000000,0.000000000,0.000000000,0.000000000
1517157282.020897388,256,194,0.117070971,0.988865776,0.300000000,nan,nan,0,0,2315,1104,fitness_reject,0,1.000000000,0.000000000,0.000000000,0.000000000
1517157282.222617388,257,113,0.082779355,nan,nan,nan,nan,0,0,0,1122,candidate_cooldown_reject,0,1.000000000,0.000000000,0.000000000,0.000000000
1517157282.424337387,258,65,0.136014503,28.819401019,0.300000000,nan,nan,0,0,2630,1106,fitness_reject,0,1.000000000,0.000000000,0.000000000,0.000000000
1517157282.626057386,259,133,0.127621120,nan,nan,nan,nan,0,0,0,1110,candidate_cooldown_reject,0,1.000000000,0.000000000,0.000000000,0.000000000
1517157283.231156111,262,135,0.150639227,nan,nan,nan,nan,0,0,0,1143,candidate_cooldown_reject,0,1.000000000,0.000000000,0.000000000,0.000000000
1517157283.432876348,263,65,0.155643922,33.680143287,0.300000000,nan,nan,0,0,2630,1109,fitness_reject,0,1.000000000,0.000000000,0.000000000,0.000000000
1517157283.836316347,265,166,0.094479753,nan,nan,nan,nan,0,0,0,1111,candidate_cooldown_reject,0,1.000000000,0.000000000,0.000000000,0.000000000
1517157284.037974358,266,170,0.051586217,nan,nan,nan,nan,0,0,0,1070,candidate_cooldown_reject,0,1.000000000,0.000000000,0.000000000,0.000000000
1517157284.239694357,267,162,0.037261690,nan,nan,nan,nan,0,0,0,1055,candidate_cooldown_reject,0,1.000000000,0.000000000,0.000000000,0.000000000
1517157284.441414356,268,233,0.162664378,0.149261202,0.300000000,0.128206391,0.000134337,0,1,2552,1040,accepted,0,1.000000000,0.000000000,0.000000000,0.000000000
1517157284.643134356,269,170,0.115823928,nan,nan,nan,nan,0,0,0,1032,candidate_cooldown_reject,0,1.000000000,0.000000000,0.000000000,0.000000000
1517157284.844854355,270,162,0.035585112,nan,nan,nan,nan,0,0,0,1051,candidate_cooldown_reject,0,1.000000000,0.000000000,0.000000000,0.000000000
1517157285.046521187,271,113,0.126452813,nan,nan,nan,nan,0,0,0,1000,candidate_cooldown_reject,0,1.000000000,0.000000000,0.000000000,0.000000000
1517157285.248242378,272,104,0.093691794,nan,nan,nan,nan,0,0,0,1013,current_cooldown_reject,0,1.000000000,0.000000000,0.000000000,0.000000000
1517157285.449962378,273,113,0.096211414,nan,nan,nan,nan,0,0,0,998,candidate_cooldown_reject,0,1.000000000,0.000000000,0.000000000,0.000000000
1517157285.651682377,274,115,0.111882764,nan,nan,nan,nan,0,0,0,1019,candidate_cooldown_reject,0,1.000000000,0.000000000,0.000000000,0.000000000
1517157285.853402376,275,17,0.163015314,nan,nan,nan,nan,0,0,0,983,candidate_cooldown_reject,0,1.000000000,0.000000000,0.000000000,0.000000000
1517157286.055052280,276,239,0.160152264,nan,nan,nan,nan,0,0,0,1012,current_cooldown_reject,0,1.000000000,0.000000000,0.000000000,0.000000000
1517157286.256772280,277,124,0.023418254,nan,nan,nan,nan,0,0,0,1050,candidate_cooldown_reject,0,1.000000000,0.000000000,0.000000000,0.000000000
1517157286.458492279,278,185,0.077685467,nan,nan,nan,nan,0,0,0,1024,candidate_cooldown_reject,0,1.000000000,0.000000000,0.000000000,0.000000000
1517157286.761072397,279,169,0.076729222,nan,nan,nan,nan,0,0,0,951,candidate_cooldown_reject,0,1.000000000,0.000000000,0.000000000,0.000000000
1517157286.962792397,280,166,0.046593078,nan,nan,nan,nan,0,0,0,962,candidate_cooldown_reject,0,1.000000000,0.000000000,0.000000000,0.000000000
1517157287.164451361,281,169,0.087640011,nan,nan,nan,nan,0,0,0,1002,candidate_cooldown_reject,0,1.000000000,0.000000000,0.000000000,0.000000000
1517157287.366171360,282,189,0.166368356,nan,nan,nan,nan,0,0,0,933,candidate_cooldown_reject,0,1.000000000,0.000000000,0.000000000,0.000000000
1517157287.567892313,283,227,0.156591700,nan,nan,nan,nan,0,0,0,950,candidate_cooldown_reject,0,1.000000000,0.000000000,0.000000000,0.000000000
1517157287.769612312,284,114,0.155421018,nan,nan,nan,nan,0,0,0,945,candidate_cooldown_reject,0,1.000000000,0.000000000,0.000000000,0.000000000
1517157287.971332312,285,227,0.093648347,nan,nan,nan,nan,0,0,0,974,candidate_cooldown_reject,0,1.000000000,0.000000000,0.000000000,0.000000000
1517157288.172514677,286,227,0.161734033,nan,nan,nan,nan,0,0,0,932,candidate_cooldown_reject,0,1.000000000,0.000000000,0.000000000,0.000000000
1517157309.856610298,322,27,0.160591102,nan,nan,nan,nan,0,0,0,690,candidate_cooldown_reject,0,1.000000000,0.000000000,0.000000000,0.000000000
1517157310.764288187,326,27,0.173594836,nan,nan,nan,nan,0,0,0,723,candidate_cooldown_reject,0,1.000000000,0.000000000,0.000000000,0.000000000
1517157311.268527269,329,27,0.132998141,nan,nan,nan,nan,0,0,0,768,candidate_cooldown_reject,0,1.000000000,0.000000000,0.000000000,0.000000000
1517157314.697585344,344,259,0.159942882,nan,nan,nan,nan,0,0,2115,903,icp_not_converged,0,1.000000000,0.000000000,0.000000000,0.000000000
1517157314.899305105,345,258,0.143703031,nan,nan,nan,nan,0,0,2086,874,icp_not_converged,0,1.000000000,0.000000000,0.000000000,0.000000000
1517157315.100964308,346,258,0.143074715,nan,nan,nan,nan,0,0,2086,868,icp_not_converged,0,1.000000000,0.000000000,0.000000000,0.000000000
1517157315.302684307,347,28,0.131243016,nan,nan,nan,nan,0,0,0,898,candidate_cooldown_reject,0,1.000000000,0.000000000,0.000000000,0.000000000
1517157315.504404306,348,163,0.156647690,nan,nan,nan,nan,0,0,0,928,candidate_cooldown_reject,0,1.000000000,0.000000000,0.000000000,0.000000000
1517157315.706125259,349,28,0.095480488,nan,nan,nan,nan,0,0,0,943,candidate_cooldown_reject,0,1.000000000,0.000000000,0.000000000,0.000000000
1517157315.907845259,350,26,0.120750845,nan,nan,nan,nan,0,0,0,928,candidate_cooldown_reject,0,1.000000000,0.000000000,0.000000000,0.000000000
1517157316.210363388,351,26,0.169012530,nan,nan,nan,nan,0,0,0,985,candidate_cooldown_reject,0,1.000000000,0.000000000,0.000000000,0.000000000
1517157316.412083387,352,26,0.129125614,nan,nan,nan,nan,0,0,0,994,candidate_cooldown_reject,0,1.000000000,0.000000000,0.000000000,0.000000000
1517157316.613803148,353,256,0.177008830,nan,nan,nan,nan,0,0,2138,1007,icp_not_converged,0,1.000000000,0.000000000,0.000000000,0.000000000
1517157316.815523386,354,26,0.177074607,nan,nan,nan,nan,0,0,0,1013,candidate_cooldown_reject,0,1.000000000,0.000000000,0.000000000,0.000000000
1517157317.017183304,355,26,0.111751860,nan,nan,nan,nan,0,0,0,1029,candidate_cooldown_reject,0,1.000000000,0.000000000,0.000000000,0.000000000
1517157317.218903303,356,31,0.165723282,nan,nan,nan,nan,0,0,0,1038,candidate_cooldown_reject,0,1.000000000,0.000000000,0.000000000,0.000000000
1517157317.420623302,357,170,0.099761651,nan,nan,nan,nan,0,0,0,1069,candidate_cooldown_reject,0,1.000000000,0.000000000,0.000000000,0.000000000
1517157317.622343540,358,31,0.090785765,nan,nan,nan,nan,0,0,0,1051,candidate_cooldown_reject,0,1.000000000,0.000000000,0.000000000,0.000000000
1517157317.824063301,359,163,0.037230693,nan,nan,nan,nan,0,0,0,1058,candidate_cooldown_reject,0,1.000000000,0.000000000,0.000000000,0.000000000
1517157318.025722265,360,31,0.048113309,nan,nan,nan,nan,0,0,0,1082,candidate_cooldown_reject,0,1.000000000,0.000000000,0.000000000,0.000000000
1517157318.328302383,361,163,0.081742659,nan,nan,nan,nan,0,0,0,1074,candidate_cooldown_reject,0,1.000000000,0.000000000,0.000000000,0.000000000
1517157318.530022383,362,163,0.043749067,nan,nan,nan,nan,0,0,0,1069,candidate_cooldown_reject,0,1.000000000,0.000000000,0.000000000,0.000000000
1517157318.731742382,363,59,0.097585259,nan,nan,nan,nan,0,0,2431,1078,icp_not_converged,0,1.000000000,0.000000000,0.000000000,0.000000000
1517157318.933462381,364,59,0.048763732,nan,nan,nan,nan,0,0,2431,1073,icp_not_converged,0,1.000000000,0.000000000,0.000000000,0.000000000
1517157319.135120392,365,167,0.034639609,nan,nan,nan,nan,0,0,0,1061,candidate_cooldown_reject,0,1.000000000,0.000000000,0.000000000,0.000000000
1517157319.437700272,366,233,0.121119628,nan,nan,nan,nan,0,0,0,1083,candidate_cooldown_reject,0,1.000000000,0.000000000,0.000000000,0.000000000
1517157319.639420271,367,59,0.115176281,nan,nan,nan,nan,0,0,2431,1083,icp_not_converged,0,1.000000000,0.000000000,0.000000000,0.000000000
1517157319.841140270,368,164,0.134779246,nan,nan,nan,nan,0,0,0,1076,candidate_cooldown_reject,0,1.000000000,0.000000000,0.000000000,0.000000000
1517157320.042799473,369,166,0.057368074,nan,nan,nan,nan,0,0,0,1095,candidate_cooldown_reject,0,1.000000000,0.000000000,0.000000000,0.000000000
1517157320.244520187,370,166,0.110265514,nan,nan,nan,nan,0,0,0,1110,candidate_cooldown_reject,0,1.000000000,0.000000000,0.000000000,0.000000000
1517157320.446240187,371,163,0.095220736,nan,nan,nan,nan,0,0,0,1122,candidate_cooldown_reject,0,1.000000000,0.000000000,0.000000000,0.000000000
1517157320.647959948,372,166,0.107124116,nan,nan,nan,nan,0,0,0,1158,candidate_cooldown_reject,0,1.000000000,0.000000000,0.000000000,0.000000000
1517157320.849680185,373,63,0.103051318,nan,nan,nan,nan,0,0,2599,1195,icp_not_converged,0,1.000000000,0.000000000,0.000000000,0.000000000
1517157321.051338196,374,63,0.045736031,nan,nan,nan,nan,0,0,2599,1133,icp_not_converged,0,1.000000000,0.000000000,0.000000000,0.000000000
1517157321.253058195,375,166,0.144067364,nan,nan,nan,nan,0,0,0,1163,candidate_cooldown_reject,0,1.000000000,0.000000000,0.000000000,0.000000000
1517157321.454778194,376,192,0.141239072,nan,nan,nan,nan,0,0,0,1140,candidate_cooldown_reject,0,1.000000000,0.000000000,0.000000000,0.000000000
1517157321.656498194,377,86,0.080442439,nan,nan,nan,nan,0,0,2494,1109,icp_not_converged,0,1.000000000,0.000000000,0.000000000,0.000000000
1517157321.858218193,378,194,0.122086557,nan,nan,nan,nan,0,0,2315,1112,icp_not_converged,0,1.000000000,0.000000000,0.000000000,0.000000000
1517157322.059877396,379,174,0.055035991,nan,nan,nan,nan,0,0,0,1116,candidate_cooldown_reject,0,1.000000000,0.000000000,0.000000000,0.000000000
1517157322.261597395,380,189,0.121129167,nan,nan,nan,nan,0,0,0,1099,candidate_cooldown_reject,0,1.000000000,0.000000000,0.000000000,0.000000000
1517157322.463318348,381,171,0.112019860,nan,nan,nan,nan,0,0,0,1116,candidate_cooldown_reject,0,1.000000000,0.000000000,0.000000000,0.000000000
1517157322.765898228,382,192,0.076511998,nan,nan,nan,nan,0,0,0,1083,candidate_cooldown_reject,0,1.000000000,0.000000000,0.000000000,0.000000000
1517157322.967618227,383,171,0.114859687,nan,nan,nan,nan,0,0,0,1106,candidate_cooldown_reject,0,1.000000000,0.000000000,0.000000000,0.000000000
1517157323.169276237,384,171,0.163367334,nan,nan,nan,nan,0,0,0,1094,candidate_cooldown_reject,0,1.000000000,0.000000000,0.000000000,0.000000000
1517157323.370996237,385,171,0.120470330,nan,nan,nan,nan,0,0,0,1093,candidate_cooldown_reject,0,1.000000000,0.000000000,0.000000000,0.000000000
1517157323.572716236,386,163,0.150829894,nan,nan,nan,nan,0,0,0,1109,candidate_cooldown_reject,0,1.000000000,0.000000000,0.000000000,0.000000000
1517157323.875296354,387,248,0.157001799,nan,nan,nan,nan,0,0,0,1084,candidate_cooldown_reject,0,1.000000000,0.000000000,0.000000000,0.000000000
1517157324.177815199,388,163,0.154742167,nan,nan,nan,nan,0,0,0,1086,candidate_cooldown_reject,0,1.000000000,0.000000000,0.000000000,0.000000000
1517157324.379535198,389,175,0.136953191,nan,nan,nan,nan,0,0,0,1130,candidate_cooldown_reject,0,1.000000000,0.000000000,0.000000000,0.000000000
1517157324.682116270,390,175,0.073489800,nan,nan,nan,nan,0,0,0,1113,candidate_cooldown_reject,0,1.000000000,0.000000000,0.000000000,0.000000000
1517157324.984696388,391,233,0.082798072,nan,nan,nan,nan,0,0,0,1110,candidate_cooldown_reject,0,1.000000000,0.000000000,0.000000000,0.000000000
1517157325.186355352,392,266,0.114410982,nan,nan,nan,nan,0,0,1991,1086,icp_not_converged,0,1.000000000,0.000000000,0.000000000,0.000000000
1517157325.388075352,393,113,0.137783853,nan,nan,nan,nan,0,0,0,1109,candidate_cooldown_reject,0,1.000000000,0.000000000,0.000000000,0.000000000
1517157325.589795351,394,113,0.120130480,nan,nan,nan,nan,0,0,0,1107,candidate_cooldown_reject,0,1.000000000,0.000000000,0.000000000,0.000000000
1517157325.791515350,395,166,0.049980974,nan,nan,nan,nan,0,0,0,1086,candidate_cooldown_reject,0,1.000000000,0.000000000,0.000000000,0.000000000
1517157326.094034195,396,233,0.179457248,nan,nan,nan,nan,0,0,0,1140,candidate_cooldown_reject,0,1.000000000,0.000000000,0.000000000,0.000000000
1517157326.497474194,398,189,0.136368304,nan,nan,nan,nan,0,0,0,1124,candidate_cooldown_reject,0,1.000000000,0.000000000,0.000000000,0.000000000
1517157326.699194193,399,189,0.141669905,nan,nan,nan,nan,0,0,0,1097,candidate_cooldown_reject,0,1.000000000,0.000000000,0.000000000,0.000000000
1517157326.900915384,400,194,0.122318335,nan,nan,nan,nan,0,0,2315,1123,icp_not_converged,0,1.000000000,0.000000000,0.000000000,0.000000000
1517157327.203441381,401,86,0.117153630,nan,nan,nan,nan,0,0,2494,1131,icp_not_converged,0,1.000000000,0.000000000,0.000000000,0.000000000
1517157327.405161381,402,197,0.036841720,nan,nan,nan,nan,0,0,2345,1156,icp_not_converged,0,1.000000000,0.000000000,0.000000000,0.000000000
1517157327.606881380,403,198,0.055728576,nan,nan,nan,nan,0,0,2325,1173,icp_not_converged,0,1.000000000,0.000000000,0.000000000,0.000000000
1517157327.808601379,404,198,0.131508875,nan,nan,nan,nan,0,0,2325,1132,icp_not_converged,0,1.000000000,0.000000000,0.000000000,0.000000000
1517157328.010249376,405,272,0.015109319,nan,nan,nan,nan,0,0,1925,1117,icp_not_converged,0,1.000000000,0.000000000,0.000000000,0.000000000
1517157328.211969376,406,65,0.126336646,nan,nan,nan,nan,0,0,2630,1111,icp_not_converged,0,1.000000000,0.000000000,0.000000000,0.000000000
1517157328.413689375,407,270,0.025590832,nan,nan,nan,nan,0,0,1975,1100,icp_not_converged,0,1.000000000,0.000000000,0.000000000,0.000000000
1517157328.615409374,408,272,0.022549173,nan,nan,nan,nan,0,0,1925,1113,icp_not_converged,0,1.000000000,0.000000000,0.000000000,0.000000000
1517157328.817129374,409,203,0.041253659,nan,nan,nan,nan,0,0,2444,1087,icp_not_converged,0,1.000000000,0.000000000,0.000000000,0.000000000
1517157329.018791199,410,248,0.059098998,nan,nan,nan,nan,0,0,0,1102,candidate_cooldown_reject,0,1.000000000,0.000000000,0.000000000,0.000000000
1517157329.321371317,411,170,0.074654852,nan,nan,nan,nan,0,0,0,1081,candidate_cooldown_reject,0,1.000000000,0.000000000,0.000000000,0.000000000
1517157329.523091316,412,233,0.118908682,nan,nan,nan,nan,0,0,0,1117,candidate_cooldown_reject,0,1.000000000,0.000000000,0.000000000,0.000000000
1517157329.724811316,413,163,0.138182166,nan,nan,nan,nan,0,0,0,1103,candidate_cooldown_reject,0,1.000000000,0.000000000,0.000000000,0.000000000
1517157329.926531315,414,165,0.114785199,nan,nan,nan,nan,0,0,0,1099,candidate_cooldown_reject,0,1.000000000,0.000000000,0.000000000,0.000000000
1517157330.229051352,415,248,0.093446198,nan,nan,nan,nan,0,0,0,1113,candidate_cooldown_reject,0,1.000000000,0.000000000,0.000000000,0.000000000
1517157330.430771351,416,248,0.034897956,nan,nan,nan,nan,0,0,0,1100,candidate_cooldown_reject,0,1.000000000,0.000000000,0.000000000,0.000000000
1517157330.834211349,417,241,0.091287711,nan,nan,nan,nan,0,0,0,1104,candidate_cooldown_reject,0,1.000000000,0.000000000,0.000000000,0.000000000
1517157331.035866261,418,113,0.096243224,nan,nan,nan,nan,0,0,0,1096,candidate_cooldown_reject,0,1.000000000,0.000000000,0.000000000,0.000000000
1517157331.237587214,419,234,0.105154542,nan,nan,nan,nan,0,0,0,1116,candidate_cooldown_reject,0,1.000000000,0.000000000,0.000000000,0.000000000
1517157331.641027212,421,390,0.153769208,0.221080718,0.300000000,0.420808172,0.001836846,0,1,2369,1286,accepted,0,1.000000000,0.000000000,0.000000000,0.000000000
1517157331.741887331,422,234,0.102946807,nan,nan,nan,nan,0,0,0,1250,candidate_cooldown_reject,0,1.000000000,0.000000000,0.000000000,0.000000000
1517157331.842747211,423,113,0.045848774,nan,nan,nan,nan,0,0,0,1146,candidate_cooldown_reject,0,1.000000000,0.000000000,0.000000000,0.000000000
1517157332.044409275,424,51,0.114171734,nan,nan,nan,nan,0,0,0,1153,current_cooldown_reject,0,1.000000000,0.000000000,0.000000000,0.000000000
1517157332.246129036,425,276,0.095698396,nan,nan,nan,nan,0,0,0,1194,current_cooldown_reject,0,1.000000000,0.000000000,0.000000000,0.000000000
1517157332.548709393,426,86,0.040757959,nan,nan,nan,nan,0,0,0,1127,current_cooldown_reject,0,1.000000000,0.000000000,0.000000000,0.000000000
1517157332.750429392,427,239,0.045759118,nan,nan,nan,nan,0,0,0,1052,candidate_cooldown_reject,0,1.000000000,0.000000000,0.000000000,0.000000000
1517157332.952149391,428,113,0.062103363,nan,nan,nan,nan,0,0,0,1056,candidate_cooldown_reject,0,1.000000000,0.000000000,0.000000000,0.000000000
1517157333.153808355,429,49,0.065439715,nan,nan,nan,nan,0,0,0,1096,current_cooldown_reject,0,1.000000000,0.000000000,0.000000000,0.000000000
1517157333.355529308,430,113,0.061336544,nan,nan,nan,nan,0,0,0,1130,candidate_cooldown_reject,0,1.000000000,0.000000000,0.000000000,0.000000000
1517157333.557249308,431,241,0.073591502,nan,nan,nan,nan,0,0,0,1073,candidate_cooldown_reject,0,1.000000000,0.000000000,0.000000000,0.000000000
1517157333.758969307,432,57,0.093727634,nan,nan,nan,nan,0,0,2308,1079,icp_not_converged,0,1.000000000,0.000000000,0.000000000,0.000000000
1517157333.960689306,433,204,0.085468008,nan,nan,nan,nan,0,0,2475,1067,icp_not_converged,0,1.000000000,0.000000000,0.000000000,0.000000000
1517157334.162348270,434,96,0.150145339,nan,nan,nan,nan,0,0,2448,1063,icp_not_converged,0,1.000000000,0.000000000,0.000000000,0.000000000
1517157334.364068270,435,114,0.106694798,nan,nan,nan,nan,0,0,0,1059,candidate_cooldown_reject,0,1.000000000,0.000000000,0.000000000,0.000000000
1517157334.565788269,436,52,0.091062481,nan,nan,nan,nan,0,0,2278,1086,icp_not_converged,0,1.000000000,0.000000000,0.000000000,0.000000000
1517157335.170886517,439,51,0.079218126,nan,nan,nan,nan,0,0,2272,1077,icp_not_converged,0,1.000000000,0.000000000,0.000000000,0.000000000
1517157335.372606277,440,50,0.038951550,nan,nan,nan,nan,0,0,2337,1095,icp_not_converged,0,1.000000000,0.000000000,0.000000000,0.000000000
1517157335.574327230,441,202,0.133582471,nan,nan,nan,nan,0,0,2428,1103,icp_not_converged,0,1.000000000,0.000000000,0.000000000,0.000000000
1517157335.776046991,442,50,0.122741417,nan,nan,nan,nan,0,0,2337,1086,icp_not_converged,0,1.000000000,0.000000000,0.000000000,0.000000000
1517157335.977767229,443,50,0.126605538,nan,nan,nan,nan,0,0,2337,1070,icp_not_converged,0,1.000000000,0.000000000,0.000000000,0.000000000
1517157336.381145239,445,53,0.165652682,nan,nan,nan,nan,0,0,2245,1050,icp_not_converged,0,1.000000000,0.000000000,0.000000000,0.000000000
1517157336.582865238,446,114,0.125356331,nan,nan,nan,nan,0,0,0,1055,candidate_cooldown_reject,0,1.000000000,0.000000000,0.000000000,0.000000000
1517157336.784585238,447,53,0.119065897,nan,nan,nan,nan,0,0,2245,1050,icp_not_converged,0,1.000000000,0.000000000,0.000000000,0.000000000
1517157336.986305237,448,50,0.095587611,nan,nan,nan,nan,0,0,2337,1066,icp_not_converged,0,1.000000000,0.000000000,0.000000000,0.000000000
1517157337.187964201,449,149,0.093198736,nan,nan,nan,nan,0,0,0,1069,candidate_cooldown_reject,0,1.000000000,0.000000000,0.000000000,0.000000000
1517157337.389684200,450,149,0.094658554,nan,nan,nan,nan,0,0,0,1052,candidate_cooldown_reject,0,1.000000000,0.000000000,0.000000000,0.000000000
1517157337.591404200,451,233,0.119047215,nan,nan,nan,nan,0,0,0,1057,candidate_cooldown_reject,0,1.000000000,0.000000000,0.000000000,0.000000000
1517157337.793125391,452,246,0.149420572,nan,nan,nan,nan,0,0,0,1043,candidate_cooldown_reject,0,1.000000000,0.000000000,0.000000000,0.000000000
1517157338.196500301,454,390,0.046864611,nan,nan,nan,nan,0,0,0,1104,candidate_cooldown_reject,0,1.000000000,0.000000000,0.000000000,0.000000000
1517157338.398220301,455,257,0.116578229,nan,nan,nan,nan,0,0,2130,1148,icp_not_converged,0,1.000000000,0.000000000,0.000000000,0.000000000
1517157338.599940300,456,390,0.138534833,nan,nan,nan,nan,0,0,0,1093,candidate_cooldown_reject,0,1.000000000,0.000000000,0.000000000,0.000000000
1517157338.801660299,457,274,0.016747628,nan,nan,nan,nan,0,0,1908,1031,icp_not_converged,0,1.000000000,0.000000000,0.000000000,0.000000000
1517157339.305902243,459,65,0.176334840,nan,nan,nan,nan,0,0,2630,1099,icp_not_converged,0,1.000000000,0.000000000,0.000000000,0.000000000
1517157339.608482361,460,276,0.088586973,nan,nan,nan,nan,0,0,1922,1060,icp_not_converged,0,1.000000000,0.000000000,0.000000000,0.000000000
1517157339.911062241,461,60,0.066296950,nan,nan,nan,nan,0,0,2430,1078,icp_not_converged,0,1.000000000,0.000000000,0.000000000,0.000000000
1517157340.213582993,462,65,0.048151625,nan,nan,nan,nan,0,0,2630,1029,icp_not_converged,0,1.000000000,0.000000000,0.000000000,0.000000000
1517157340.516163349,463,429,0.072984388,0.143487485,0.300000000,0.146158261,0.000085358,0,1,2311,1019,accepted,0,1.000000000,0.000000000,0.000000000,0.000000000
1517157340.818743229,464,246,0.118895476,nan,nan,nan,nan,0,0,0,988,candidate_cooldown_reject,0,1.000000000,0.000000000,0.000000000,0.000000000
1517157341.121261358,465,424,0.133689922,nan,nan,nan,nan,0,0,0,947,current_cooldown_reject,0,1.000000000,0.000000000,0.000000000,0.000000000
1517157341.322981358,466,426,0.039201659,nan,nan,nan,nan,0,0,0,922,current_cooldown_reject,0,1.000000000,0.000000000,0.000000000,0.000000000
1517157341.524701357,467,263,0.077806655,nan,nan,nan,nan,0,0,0,928,current_cooldown_reject,0,1.000000000,0.000000000,0.000000000,0.000000000
1517157341.726421356,468,262,0.101117987,nan,nan,nan,nan,0,0,0,930,current_cooldown_reject,0,1.000000000,0.000000000,0.000000000,0.000000000
1517157341.928141356,469,262,0.071763972,nan,nan,nan,nan,0,0,0,892,current_cooldown_reject,0,1.000000000,0.000000000,0.000000000,0.000000000
1517157342.129801273,470,383,0.064955869,nan,nan,nan,nan,0,0,0,896,candidate_cooldown_reject,0,1.000000000,0.000000000,0.000000000,0.000000000
1517157342.331522226,471,390,0.072326054,nan,nan,nan,nan,0,0,0,842,candidate_cooldown_reject,0,1.000000000,0.000000000,0.000000000,0.000000000
1517157342.533242226,472,424,0.091842241,nan,nan,nan,nan,0,0,0,843,current_cooldown_reject,0,1.000000000,0.000000000,0.000000000,0.000000000
1517157342.734962225,473,424,0.093623958,nan,nan,nan,nan,0,0,0,840,candidate_cooldown_reject,0,1.000000000,0.000000000,0.000000000,0.000000000
1517157342.936682224,474,113,0.142792452,nan,nan,nan,nan,0,0,0,787,candidate_cooldown_reject,0,1.000000000,0.000000000,0.000000000,0.000000000
1517157343.138339281,475,235,0.173875640,nan,nan,nan,nan,0,0,0,794,candidate_cooldown_reject,0,1.000000000,0.000000000,0.000000000,0.000000000
1517157343.340059280,476,424,0.101324824,nan,nan,nan,nan,0,0,0,761,candidate_cooldown_reject,0,1.000000000,0.000000000,0.000000000,0.000000000
1517157343.541779280,477,161,0.059892764,nan,nan,nan,nan,0,0,0,705,candidate_cooldown_reject,0,1.000000000,0.000000000,0.000000000,0.000000000
1517157343.743499279,478,53,0.070974007,nan,nan,nan,nan,0,0,2245,701,icp_not_converged,0,1.000000000,0.000000000,0.000000000,0.000000000
1517157343.945219278,479,408,0.067034589,nan,nan,nan,nan,0,0,0,686,candidate_cooldown_reject,0,1.000000000,0.000000000,0.000000000,0.000000000
1517157351.710954189,484,410,0.129785880,nan,nan,nan,nan,0,0,0,726,candidate_cooldown_reject,0,1.000000000,0.000000000,0.000000000,0.000000000
1517157354.534850359,485,323,0.155838560,69.700027469,0.300000000,nan,nan,0,0,2094,786,fitness_reject,0,1.000000000,0.000000000,0.000000000,0.000000000
1517157354.736570358,486,322,0.112297405,78.539596937,0.300000000,nan,nan,0,0,2117,792,fitness_reject,0,1.000000000,0.000000000,0.000000000,0.000000000
1517157356.652789354,488,322,0.161619964,85.589532147,0.300000000,nan,nan,0,0,2117,812,fitness_reject,0,1.000000000,0.000000000,0.000000000,0.000000000
1517157360.989556313,494,383,0.120537662,nan,nan,nan,nan,0,0,0,790,candidate_cooldown_reject,0,1.000000000,0.000000000,0.000000000,0.000000000
1517157362.905743361,497,329,0.146020060,3.181899494,0.300000000,nan,nan,0,0,1656,803,fitness_reject,0,1.000000000,0.000000000,0.000000000,0.000000000
1517157363.107402325,498,329,0.132346251,3.074994410,0.300000000,nan,nan,0,0,1656,810,fitness_reject,0,1.000000000,0.000000000,0.000000000,0.000000000
1517157363.409982204,500,322,0.111682750,82.896937579,0.300000000,nan,nan,0,0,2117,858,fitness_reject,0,1.000000000,0.000000000,0.000000000,0.000000000
1517157364.620243311,501,347,0.132862394,8.037824133,0.300000000,nan,nan,0,0,2024,829,fitness_reject,0,1.000000000,0.000000000,0.000000000,0.000000000
1517157365.729641199,502,322,0.149578310,74.407913841,0.300000000,nan,nan,0,0,2117,857,fitness_reject,0,1.000000000,0.000000000,0.000000000,0.000000000
1517157369.662947178,506,349,0.100646811,8.578402760,0.300000000,nan,nan,0,0,1986,853,fitness_reject,0,1.000000000,0.000000000,0.000000000,0.000000000
1517157370.268037319,508,345,0.038087763,5.621590780,0.300000000,nan,nan,0,0,1994,884,fitness_reject,0,1.000000000,0.000000000,0.000000000,0.000000000
1517157370.570617199,509,345,0.038851647,5.714936954,0.300000000,nan,nan,0,0,1994,919,fitness_reject,0,1.000000000,0.000000000,0.000000000,0.000000000
1517157370.873197317,510,345,0.039400272,5.845625863,0.300000000,nan,nan,0,0,1994,941,fitness_reject,0,1.000000000,0.000000000,0.000000000,0.000000000
1517157371.074857235,511,349,0.076055898,9.201576755,0.300000000,nan,nan,0,0,1986,957,fitness_reject,0,1.000000000,0.000000000,0.000000000,0.000000000
1517157371.276577234,512,351,0.134637498,8.642801018,0.300000000,nan,nan,0,0,1879,953,fitness_reject,0,1.000000000,0.000000000,0.000000000,0.000000000
1517157371.478297234,513,349,0.067378641,10.089984502,0.300000000,nan,nan,0,0,1986,966,fitness_reject,0,1.000000000,0.000000000,0.000000000,0.000000000
1517157371.680017233,514,349,0.089197291,9.578227020,0.300000000,nan,nan,0,0,1986,956,fitness_reject,0,1.000000000,0.000000000,0.000000000,0.000000000
1517157371.881737232,515,346,0.157941235,10.546180577,0.300000000,nan,nan,0,0,2013,1033,fitness_reject,0,1.000000000,0.000000000,0.000000000,0.000000000
1517157372.083396196,516,349,0.056570122,10.623721528,0.300000000,nan,nan,0,0,1986,1099,fitness_reject,0,1.000000000,0.000000000,0.000000000,0.000000000
1517157372.184256315,517,26,0.082424717,nan,nan,nan,nan,0,0,0,1053,candidate_cooldown_reject,0,1.000000000,0.000000000,0.000000000,0.000000000
1517157372.285116196,518,471,0.147552598,0.049631309,0.300000000,0.005392636,0.001109409,0,1,1547,1059,accepted,0,1.000000000,0.000000000,0.000000000,0.000000000
1517157372.385976315,519,421,0.122699775,nan,nan,nan,nan,0,0,0,1113,candidate_cooldown_reject,0,1.000000000,0.000000000,0.000000000,0.000000000
1517157372.486836195,520,469,0.128535617,nan,nan,nan,nan,0,0,0,1121,current_cooldown_reject,0,1.000000000,0.000000000,0.000000000,0.000000000
1517157372.688556194,521,457,0.152821588,nan,nan,nan,nan,0,0,0,1148,current_cooldown_reject,0,1.000000000,0.000000000,0.000000000,0.000000000
1517157372.991136312,522,26,0.118679754,nan,nan,nan,nan,0,0,0,1184,candidate_cooldown_reject,0,1.000000000,0.000000000,0.000000000,0.000000000
1517157373.192794323,523,344,0.153868704,nan,nan,nan,nan,0,0,0,1090,current_cooldown_reject,0,1.000000000,0.000000000,0.000000000,0.000000000
1517157374.604774237,528,357,0.146358370,2.024843069,0.300000000,nan,nan,0,0,1927,1021,fitness_reject,0,1.000000000,0.000000000,0.000000000,0.000000000
1517157374.907354355,529,357,0.118125374,2.007090799,0.300000000,nan,nan,0,0,1927,1040,fitness_reject,0,1.000000000,0.000000000,0.000000000,0.000000000
1517157375.209873199,530,365,0.160301991,1.186738095,0.300000000,nan,nan,0,0,2056,1026,fitness_reject,0,1.000000000,0.000000000,0.000000000,0.000000000
1517157375.512453318,531,365,0.100096078,1.206638710,0.300000000,nan,nan,0,0,2056,1027,fitness_reject,0,1.000000000,0.000000000,0.000000000,0.000000000
1517157375.815034389,532,469,0.101028648,nan,nan,nan,nan,0,0,0,1016,candidate_cooldown_reject,0,1.000000000,0.000000000,0.000000000,0.000000000
1517157376.016703606,533,469,0.063160471,nan,nan,nan,nan,0,0,0,1031,candidate_cooldown_reject,0,1.000000000,0.000000000,0.000000000,0.000000000
1517157376.218423367,534,362,0.109360066,1.247874286,0.300000000,nan,nan,0,0,2010,1038,fitness_reject,0,1.000000000,0.000000000,0.000000000,0.000000000
1517157376.420143366,535,362,0.097357766,1.238206477,0.300000000,nan,nan,0,0,2010,1103,fitness_reject,0,1.000000000,0.000000000,0.000000000,0.000000000
1517157376.621863365,536,367,0.118968509,1.037845223,0.300000000,nan,nan,0,0,2103,1074,fitness_reject,0,1.000000000,0.000000000,0.000000000,0.000000000
1517157376.823583603,537,176,0.121867339,nan,nan,nan,nan,0,0,0,1074,candidate_cooldown_reject,0,1.000000000,0.000000000,0.000000000,0.000000000
1517157377.025233269,538,392,0.077941173,nan,nan,nan,nan,0,0,0,1078,candidate_cooldown_reject,0,1.000000000,0.000000000,0.000000000,0.000000000
1517157377.226953268,539,423,0.033994182,nan,nan,nan,nan,0,0,0,1094,candidate_cooldown_reject,0,1.000000000,0.000000000,0.000000000,0.000000000
1517157377.428673267,540,392,0.062520810,nan,nan,nan,nan,0,0,0,1065,candidate_cooldown_reject,0,1.000000000,0.000000000,0.000000000,0.000000000
1517157377.630393267,541,372,0.071345868,nan,nan,nan,nan,0,0,0,1091,candidate_cooldown_reject,0,1.000000000,0.000000000,0.000000000,0.000000000
1517157377.832114220,542,374,0.095898052,nan,nan,nan,nan,0,0,0,1079,candidate_cooldown_reject,0,1.000000000,0.000000000,0.000000000,0.000000000
1517157378.033771276,543,374,0.065524941,nan,nan,nan,nan,0,0,0,1116,candidate_cooldown_reject,0,1.000000000,0.000000000,0.000000000,0.000000000
1517157378.235491276,544,372,0.136250408,nan,nan,nan,nan,0,0,0,1162,candidate_cooldown_reject,0,1.000000000,0.000000000,0.000000000,0.000000000
1517157378.437211275,545,374,0.056830228,nan,nan,nan,nan,0,0,0,1098,candidate_cooldown_reject,0,1.000000000,0.000000000,0.000000000,0.000000000
1517157378.638931274,546,375,0.028225130,nan,nan,nan,nan,0,0,0,1114,candidate_cooldown_reject,0,1.000000000,0.000000000,0.000000000,0.000000000
1517157378.840651274,547,378,0.075377639,nan,nan,nan,nan,0,0,0,1122,candidate_cooldown_reject,0,1.000000000,0.000000000,0.000000000,0.000000000
1517157379.042311192,548,379,0.028931686,nan,nan,nan,nan,0,0,0,1118,candidate_cooldown_reject,0,1.000000000,0.000000000,0.000000000,0.000000000
1517157379.244031191,549,378,0.068763929,nan,nan,nan,nan,0,0,0,1112,candidate_cooldown_reject,0,1.000000000,0.000000000,0.000000000,0.000000000
1517157379.445751190,550,473,0.088653815,nan,nan,nan,nan,0,0,0,1128,candidate_cooldown_reject,0,1.000000000,0.000000000,0.000000000,0.000000000
1517157379.647471189,551,383,0.145610146,nan,nan,nan,nan,0,0,0,1097,candidate_cooldown_reject,0,1.000000000,0.000000000,0.000000000,0.000000000
1517157379.849192381,552,472,0.089597034,nan,nan,nan,nan,0,0,0,1107,candidate_cooldown_reject,0,1.000000000,0.000000000,0.000000000,0.000000000
1517157380.050851345,553,472,0.090379660,nan,nan,nan,nan,0,0,0,1139,candidate_cooldown_reject,0,1.000000000,0.000000000,0.000000000,0.000000000
1517157380.252571344,554,421,0.155039982,nan,nan,nan,nan,0,0,0,1132,candidate_cooldown_reject,0,1.000000000,0.000000000,0.000000000,0.000000000
1517157380.454291344,555,390,0.091920683,nan,nan,nan,nan,0,0,0,1145,candidate_cooldown_reject,0,1.000000000,0.000000000,0.000000000,0.000000000
1517157380.857731342,557,390,0.135809537,nan,nan,nan,nan,0,0,0,1263,candidate_cooldown_reject,0,1.000000000,0.000000000,0.000000000,0.000000000
1517157381.261110306,559,163,0.079615088,nan,nan,nan,nan,0,0,0,1127,candidate_cooldown_reject,0,1.000000000,0.000000000,0.000000000,0.000000000
1517157381.462830305,560,394,0.082896290,nan,nan,nan,nan,0,0,0,1129,candidate_cooldown_reject,0,1.000000000,0.000000000,0.000000000,0.000000000
1517157381.664550304,561,232,0.106650202,nan,nan,nan,nan,0,0,0,1134,candidate_cooldown_reject,0,1.000000000,0.000000000,0.000000000,0.000000000
1517157381.866270304,562,59,0.103635364,nan,nan,nan,nan,0,0,2431,1093,icp_not_converged,0,1.000000000,0.000000000,0.000000000,0.000000000
1517157382.067930222,563,392,0.158276421,nan,nan,nan,nan,0,0,0,1082,candidate_cooldown_reject,0,1.000000000,0.000000000,0.000000000,0.000000000
1517157382.370510340,564,166,0.072987543,nan,nan,nan,nan,0,0,0,1086,candidate_cooldown_reject,0,1.000000000,0.000000000,0.000000000,0.000000000
1517157382.572230339,565,268,0.058697708,nan,nan,nan,nan,0,0,1992,1078,icp_not_converged,0,1.000000000,0.000000000,0.000000000,0.000000000
1517157382.773950577,566,471,0.079532472,nan,nan,nan,nan,0,0,0,1080,candidate_cooldown_reject,0,1.000000000,0.000000000,0.000000000,0.000000000
1517157382.975670338,567,192,0.083106617,nan,nan,nan,nan,0,0,0,1108,candidate_cooldown_reject,0,1.000000000,0.000000000,0.000000000,0.000000000
1517157383.177328348,568,266,0.029743314,nan,nan,nan,nan,0,0,1991,1083,icp_not_converged,0,1.000000000,0.000000000,0.000000000,0.000000000
1517157383.379048347,569,462,0.055765912,nan,nan,nan,nan,0,0,0,1084,candidate_cooldown_reject,0,1.000000000,0.000000000,0.000000000,0.000000000
1517157383.580768347,570,265,0.024328076,nan,nan,nan,nan,0,0,2025,1105,icp_not_converged,0,1.000000000,0.000000000,0.000000000,0.000000000
1517157383.782488346,571,390,0.089593631,nan,nan,nan,nan,0,0,0,1097,candidate_cooldown_reject,0,1.000000000,0.000000000,0.000000000,0.000000000
1517157383.984208345,572,173,0.149246564,nan,nan,nan,nan,0,0,0,1107,candidate_cooldown_reject,0,1.000000000,0.000000000,0.000000000,0.000000000
1517157384.185868263,573,394,0.052657542,nan,nan,nan,nan,0,0,0,1112,candidate_cooldown_reject,0,1.000000000,0.000000000,0.000000000,0.000000000
1517157384.387588263,574,265,0.074239423,nan,nan,nan,nan,0,0,2025,1108,icp_not_converged,0,1.000000000,0.000000000,0.000000000,0.000000000
1517157384.791028261,576,175,0.083541307,nan,nan,nan,nan,0,0,0,1116,candidate_cooldown_reject,0,1.000000000,0.000000000,0.000000000,0.000000000
1517157384.992748260,577,405,0.059275471,nan,nan,nan,nan,0,0,0,1142,candidate_cooldown_reject,0,1.000000000,0.000000000,0.000000000,0.000000000
1517157385.194406033,578,169,0.172588015,nan,nan,nan,nan,0,0,0,1133,candidate_cooldown_reject,0,1.000000000,0.000000000,0.000000000,0.000000000
1517157385.396126270,579,405,0.063174026,nan,nan,nan,nan,0,0,0,1120,candidate_cooldown_reject,0,1.000000000,0.000000000,0.000000000,0.000000000
1517157385.597846270,580,416,0.121523020,nan,nan,nan,nan,0,0,0,1126,candidate_cooldown_reject,0,1.000000000,0.000000000,0.000000000,0.000000000
1517157385.799566269,581,248,0.113447533,nan,nan,nan,nan,0,0,0,1156,candidate_cooldown_reject,0,1.000000000,0.000000000,0.000000000,0.000000000
1517157386.001286030,582,405,0.062439663,nan,nan,nan,nan,0,0,0,1133,candidate_cooldown_reject,0,1.000000000,0.000000000,0.000000000,0.000000000
1517157386.404666185,584,248,0.168220488,nan,nan,nan,nan,0,0,0,1150,candidate_cooldown_reject,0,1.000000000,0.000000000,0.000000000,0.000000000
1517157386.606386185,585,452,0.146427690,nan,nan,nan,nan,0,0,0,1127,candidate_cooldown_reject,0,1.000000000,0.000000000,0.000000000,0.000000000
1517157386.808106184,586,419,0.134530987,nan,nan,nan,nan,0,0,0,1118,candidate_cooldown_reject,0,1.000000000,0.000000000,0.000000000,0.000000000
1517157387.009766340,587,416,0.063421112,nan,nan,nan,nan,0,0,0,1106,candidate_cooldown_reject,0,1.000000000,0.000000000,0.000000000,0.000000000
1517157387.211486578,588,462,0.082995947,nan,nan,nan,nan,0,0,0,1130,candidate_cooldown_reject,0,1.000000000,0.000000000,0.000000000,0.000000000
1517157387.413206339,589,462,0.083829411,nan,nan,nan,nan,0,0,0,1123,candidate_cooldown_reject,0,1.000000000,0.000000000,0.000000000,0.000000000
1517157387.614926338,590,416,0.058292222,nan,nan,nan,nan,0,0,0,1128,candidate_cooldown_reject,0,1.000000000,0.000000000,0.000000000,0.000000000
1517157387.816646338,591,192,0.068966421,nan,nan,nan,nan,0,0,0,1108,candidate_cooldown_reject,0,1.000000000,0.000000000,0.000000000,0.000000000
1517157388.018304348,592,470,0.151765800,nan,nan,nan,nan,0,0,0,1095,candidate_cooldown_reject,0,1.000000000,0.000000000,0.000000000,0.000000000
1517157388.220024347,593,470,0.109443625,nan,nan,nan,nan,0,0,0,1118,candidate_cooldown_reject,0,1.000000000,0.000000000,0.000000000,0.000000000
1517157388.421745300,594,423,0.029916397,nan,nan,nan,nan,0,0,0,1105,candidate_cooldown_reject,0,1.000000000,0.000000000,0.000000000,0.000000000
1517157388.623465300,595,113,0.038628710,nan,nan,nan,nan,0,0,0,1117,candidate_cooldown_reject,0,1.000000000,0.000000000,0.000000000,0.000000000
1517157388.825185299,596,423,0.082146082,nan,nan,nan,nan,0,0,0,1097,candidate_cooldown_reject,0,1.000000000,0.000000000,0.000000000,0.000000000
1517157389.026844263,597,175,0.082814636,nan,nan,nan,nan,0,0,0,1104,candidate_cooldown_reject,0,1.000000000,0.000000000,0.000000000,0.000000000
1517157389.228564262,598,113,0.114262853,nan,nan,nan,nan,0,0,0,1109,candidate_cooldown_reject,0,1.000000000,0.000000000,0.000000000,0.000000000
1517157389.430284262,599,426,0.057919942,nan,nan,nan,nan,0,0,0,1095,candidate_cooldown_reject,0,1.000000000,0.000000000,0.000000000,0.000000000
1517157389.833724260,600,256,0.136809552,nan,nan,nan,nan,0,0,2138,1093,icp_not_converged,0,1.000000000,0.000000000,0.000000000,0.000000000
1517157390.136251211,601,469,0.102442625,nan,nan,nan,nan,0,0,0,1118,candidate_cooldown_reject,0,1.000000000,0.000000000,0.000000000,0.000000000
1517157390.337971210,602,401,0.127905163,nan,nan,nan,nan,0,0,0,1112,candidate_cooldown_reject,0,1.000000000,0.000000000,0.000000000,0.000000000
1517157390.539691210,603,233,0.075801952,nan,nan,nan,nan,0,0,0,1154,candidate_cooldown_reject,0,1.000000000,0.000000000,0.000000000,0.000000000
1517157390.741412401,604,470,0.043510002,nan,nan,nan,nan,0,0,0,1144,candidate_cooldown_reject,0,1.000000000,0.000000000,0.000000000,0.000000000
1517157390.943132401,605,549,0.080817970,0.734667864,0.100000000,nan,nan,1,0,2393,1100,fitness_reject,0,1.000000000,0.000000000,0.000000000,0.000000000
1517157391.245642185,606,470,0.112568065,nan,nan,nan,nan,0,0,0,1129,candidate_cooldown_reject,0,1.000000000,0.000000000,0.000000000,0.000000000
1517157391.548222303,607,423,0.056696501,nan,nan,nan,nan,0,0,0,1140,candidate_cooldown_reject,0,1.000000000,0.000000000,0.000000000,0.000000000
1517157391.850802183,608,423,0.014474315,nan,nan,nan,nan,0,0,0,1143,candidate_cooldown_reject,0,1.000000000,0.000000000,0.000000000,0.000000000
1517157392.153321266,609,246,0.115482622,nan,nan,nan,nan,0,0,0,1112,candidate_cooldown_reject,0,1.000000000,0.000000000,0.000000000,0.000000000
1517157392.455901384,610,194,0.107422441,nan,nan,nan,nan,0,0,2315,1104,icp_not_converged,0,1.000000000,0.000000000,0.000000000,0.000000000
1517157392.657621622,611,113,0.104337744,nan,nan,nan,nan,0,0,0,1089,candidate_cooldown_reject,0,1.000000000,0.000000000,0.000000000,0.000000000
1517157393.061001301,613,450,0.108689637,4.757560496,0.100000000,nan,nan,1,0,2087,1103,fitness_reject,0,1.000000000,0.000000000,0.000000000,0.000000000
1517157393.262721300,614,447,0.034224574,nan,nan,nan,nan,0,0,0,1096,candidate_cooldown_reject,0,1.000000000,0.000000000,0.000000000,0.000000000
1517157393.464441299,615,183,0.091681436,nan,nan,nan,nan,0,0,0,1083,candidate_cooldown_reject,0,1.000000000,0.000000000,0.000000000,0.000000000
1517157393.666161299,616,269,0.077022018,nan,nan,nan,nan,0,0,1968,1095,icp_not_converged,0,1.000000000,0.000000000,0.000000000,0.000000000
1517157393.867881298,617,451,0.077032235,3.637028972,0.100000000,nan,nan,1,0,2003,1097,fitness_reject,0,1.000000000,0.000000000,0.000000000,0.000000000
1517157394.069540262,618,241,0.105239307,nan,nan,nan,nan,0,0,0,1099,candidate_cooldown_reject,0,1.000000000,0.000000000,0.000000000,0.000000000
1517157394.271260262,619,439,0.020657464,nan,nan,nan,nan,0,0,0,1047,candidate_cooldown_reject,0,1.000000000,0.000000000,0.000000000,0.000000000
1517157394.472980261,620,435,0.055316471,nan,nan,nan,nan,0,0,0,1029,candidate_cooldown_reject,0,1.000000000,0.000000000,0.000000000,0.000000000
1517157394.674700260,621,274,0.118895608,nan,nan,nan,nan,0,0,1908,1084,icp_not_converged,0,1.000000000,0.000000000,0.000000000,0.000000000
1517157394.876421213,622,575,0.080501470,0.385013575,0.100000000,nan,nan,1,0,2307,1067,fitness_reject,0,1.000000000,0.000000000,0.000000000,0.000000000
1517157395.078060389,623,559,0.120619550,0.725687881,0.300000000,nan,nan,0,0,2433,1075,fitness_reject,0,1.000000000,0.000000000,0.000000000,0.000000000
1517157395.279780388,624,270,0.046464140,nan,nan,nan,nan,0,0,1975,1014,icp_not_converged,0,1.000000000,0.000000000,0.000000000,0.000000000
1517157395.481500387,625,393,0.143759892,nan,nan,nan,nan,0,0,0,1011,candidate_cooldown_reject,0,1.000000000,0.000000000,0.000000000,0.000000000
1517157395.683220387,626,163,0.138955986,nan,nan,nan,nan,0,0,0,989,candidate_cooldown_reject,0,1.000000000,0.000000000,0.000000000,0.000000000
1517157395.884940386,627,270,0.041618372,nan,nan,nan,nan,0,0,1975,968,icp_not_converged,0,1.000000000,0.000000000,0.000000000,0.000000000
1517157396.086618185,628,270,0.090130316,nan,nan,nan,nan,0,0,1975,963,icp_not_converged,0,1.000000000,0.000000000,0.000000000,0.000000000
1517157396.288338184,629,460,0.028812687,nan,nan,nan,nan,0,0,0,928,candidate_cooldown_reject,0,1.000000000,0.000000000,0.000000000,0.000000000
1517157396.490058184,630,584,0.149198824,0.301553962,0.100000000,nan,nan,1,0,2304,931,fitness_reject,0,1.000000000,0.000000000,0.000000000,0.000000000
1517157396.691778421,631,233,0.115506862,nan,nan,nan,nan,0,0,0,926,candidate_cooldown_reject,0,1.000000000,0.000000000,0.000000000,0.000000000
1517157396.893498182,632,471,0.128802819,nan,nan,nan,nan,0,0,0,900,candidate_cooldown_reject,0,1.000000000,0.000000000,0.000000000,0.000000000
1517157397.095211267,633,596,0.128564473,0.145835545,0.100000000,nan,nan,1,0,2433,921,fitness_reject,0,1.000000000,0.000000000,0.000000000,0.000000000
1517157397.296931267,634,451,0.054901760,2.526270357,0.300000000,nan,nan,0,0,2003,933,fitness_reject,0,1.000000000,0.000000000,0.000000000,0.000000000
1517157397.498651505,635,123,0.166868209,nan,nan,nan,nan,0,0,0,906,candidate_cooldown_reject,0,1.000000000,0.000000000,0.000000000,0.000000000
1517157397.700371265,636,467,0.074242575,nan,nan,nan,nan,0,0,0,884,candidate_cooldown_reject,0,1.000000000,0.000000000,0.000000000,0.000000000
1517157398.002838373,637,183,0.067793102,nan,nan,nan,nan,0,0,0,906,candidate_cooldown_reject,0,1.000000000,0.000000000,0.000000000,0.000000000
1517157398.305418253,638,429,0.087029036,nan,nan,nan,nan,0,0,0,917,candidate_cooldown_reject,0,1.000000000,0.000000000,0.000000000,0.000000000
1517157398.507138252,639,429,0.133871296,nan,nan,nan,nan,0,0,0,983,candidate_cooldown_reject,0,1.000000000,0.000000000,0.000000000,0.000000000
1517157399.717397213,645,336,0.072217397,0.037037859,0.300000000,0.014892505,0.001120140,0,1,1829,1150,accepted,0,1.000000000,0.000000000,0.000000000,0.000000000
1517157400.927656412,649,330,0.098728056,nan,nan,nan,nan,0,0,0,835,current_cooldown_reject,0,1.000000000,0.000000000,0.000000000,0.000000000
1517157401.129315376,650,325,0.151952312,nan,nan,nan,nan,0,0,0,809,current_cooldown_reject,0,1.000000000,0.000000000,0.000000000,0.000000000
1517157401.331035376,651,325,0.158007550,nan,nan,nan,nan,0,0,0,756,current_cooldown_reject,0,1.000000000,0.000000000,0.000000000,0.000000000
1517157401.532756329,652,321,0.096839060,nan,nan,nan,nan,0,0,0,745,current_cooldown_reject,0,1.000000000,0.000000000,0.000000000,0.000000000
1517157401.734476328,653,329,0.152850784,nan,nan,nan,nan,0,0,0,719,current_cooldown_reject,0,1.000000000,0.000000000,0.000000000,0.000000000
1517157401.936196327,654,320,0.158888058,nan,nan,nan,nan,0,0,0,708,current_cooldown_reject,0,1.000000000,0.000000000,0.000000000,0.000000000
1517157402.137855291,655,319,0.151715954,nan,nan,nan,nan,0,0,0,719,candidate_cooldown_reject,0,1.000000000,0.000000000,0.000000000,0.000000000
1517157402.642155409,658,323,0.179311221,nan,nan,nan,nan,0,0,0,779,candidate_cooldown_reject,0,1.000000000,0.000000000,0.000000000,0.000000000
1517157402.843875408,659,323,0.140638268,nan,nan,nan,nan,0,0,0,750,candidate_cooldown_reject,0,1.000000000,0.000000000,0.000000000,0.000000000
1517157406.272870064,666,302,0.145876263,0.041743157,0.300000000,0.009343647,0.001933814,0,1,2259,1212,accepted,0,1.000000000,0.000000000,0.000000000,0.000000000
1517157406.474592209,667,305,0.109601019,nan,nan,nan,nan,0,0,0,1328,current_cooldown_reject,0,1.000000000,0.000000000,0.000000000,0.000000000
1517157406.878032207,668,300,0.112632881,nan,nan,nan,nan,0,0,0,1290,current_cooldown_reject,0,1.000000000,0.000000000,0.000000000,0.000000000
1517157408.491670370,669,304,0.084537973,nan,nan,nan,nan,0,0,0,1397,current_cooldown_reject,0,1.000000000,0.000000000,0.000000000,0.000000000
1517157412.223248243,674,292,0.175029065,nan,nan,nan,nan,0,0,0,1404,current_cooldown_reject,0,1.000000000,0.000000000,0.000000000,0.000000000
1517157412.324108362,675,312,0.137439148,nan,nan,nan,nan,0,0,0,1464,current_cooldown_reject,0,1.000000000,0.000000000,0.000000000,0.000000000
1517157412.424968243,676,311,0.080972319,nan,nan,nan,nan,0,0,0,1508,candidate_cooldown_reject,0,1.000000000,0.000000000,0.000000000,0.000000000
1517157412.525828362,677,312,0.033916108,nan,nan,nan,nan,0,0,0,1493,candidate_cooldown_reject,0,1.000000000,0.000000000,0.000000000,0.000000000
1517157412.626688242,678,311,0.065280566,nan,nan,nan,nan,0,0,0,1481,candidate_cooldown_reject,0,1.000000000,0.000000000,0.000000000,0.000000000
1517157412.727548361,679,311,0.101362562,nan,nan,nan,nan,0,0,0,1378,candidate_cooldown_reject,0,1.000000000,0.000000000,0.000000000,0.000000000
1517157412.828408241,680,310,0.125459862,nan,nan,nan,nan,0,0,0,1327,candidate_cooldown_reject,0,1.000000000,0.000000000,0.000000000,0.000000000
1517157413.231787205,683,287,0.126530883,nan,nan,nan,nan,0,0,0,1159,candidate_cooldown_reject,0,1.000000000,0.000000000,0.000000000,0.000000000
1517157413.332648277,684,286,0.178764775,nan,nan,nan,nan,0,0,0,1062,candidate_cooldown_reject,0,1.000000000,0.000000000,0.000000000,0.000000000
1517157413.534368277,685,190,0.167260629,nan,nan,nan,nan,0,0,0,1038,candidate_cooldown_reject,0,1.000000000,0.000000000,0.000000000,0.000000000
1517157420.089842319,687,288,0.128003854,nan,nan,nan,nan,0,0,0,1066,candidate_cooldown_reject,0,1.000000000,0.000000000,0.000000000,0.000000000
1517157423.922340393,689,350,0.156861664,nan,nan,nan,nan,0,0,0,971,candidate_cooldown_reject,0,1.000000000,0.000000000,0.000000000,0.000000000
1517157424.325719357,690,511,0.116962251,nan,nan,nan,nan,0,0,1727,926,icp_not_converged,0,1.000000000,0.000000000,0.000000000,0.000000000
1517157424.628299236,691,511,0.076576477,nan,nan,nan,nan,0,0,1727,900,icp_not_converged,0,1.000000000,0.000000000,0.000000000,0.000000000
1517157425.233399391,693,349,0.132714872,nan,nan,nan,nan,0,0,0,917,candidate_cooldown_reject,0,1.000000000,0.000000000,0.000000000,0.000000000
1517157425.535979271,694,349,0.169350180,nan,nan,nan,nan,0,0,0,944,candidate_cooldown_reject,0,1.000000000,0.000000000,0.000000000,0.000000000
1517157425.737699270,695,349,0.117418417,nan,nan,nan,nan,0,0,0,956,candidate_cooldown_reject,0,1.000000000,0.000000000,0.000000000,0.000000000
1517157425.939419508,696,513,0.167849353,nan,nan,nan,nan,0,0,1762,986,icp_not_converged,0,1.000000000,0.000000000,0.000000000,0.000000000
1517157426.141078234,697,513,0.084885278,nan,nan,nan,nan,0,0,1762,1011,icp_not_converged,0,1.000000000,0.000000000,0.000000000,0.000000000
1517157426.342798233,698,353,0.073037745,nan,nan,nan,nan,0,0,0,1026,candidate_cooldown_reject,0,1.000000000,0.000000000,0.000000000,0.000000000
1517157426.544518232,699,352,0.100218492,nan,nan,nan,nan,0,0,0,1025,candidate_cooldown_reject,0,1.000000000,0.000000000,0.000000000,0.000000000
1517157426.746238232,700,516,0.038949172,nan,nan,nan,nan,0,0,1834,1031,icp_not_converged,0,1.000000000,0.000000000,0.000000000,0.000000000
1517157426.947958231,701,513,0.127901728,nan,nan,nan,nan,0,0,1762,1046,icp_not_converged,0,1.000000000,0.000000000,0.000000000,0.000000000
1517157427.149618387,702,513,0.082354637,nan,nan,nan,nan,0,0,1762,991,icp_not_converged,0,1.000000000,0.000000000,0.000000000,0.000000000
1517157427.452198029,703,523,0.033682077,nan,nan,nan,nan,0,0,2021,1064,icp_not_converged,0,1.000000000,0.000000000,0.000000000,0.000000000
1517157427.653919220,704,523,0.058640676,nan,nan,nan,nan,0,0,2021,1027,icp_not_converged,0,1.000000000,0.000000000,0.000000000,0.000000000
1517157427.855639219,705,355,0.108880299,nan,nan,nan,nan,0,0,0,1039,candidate_cooldown_reject,0,1.000000000,0.000000000,0.000000000,0.000000000
1517157428.057297230,706,351,0.023758375,nan,nan,nan,nan,0,0,0,1025,candidate_cooldown_reject,0,1.000000000,0.000000000,0.000000000,0.000000000
1517157428.259017229,707,266,0.142856412,0.043300364,0.300000000,0.047572785,0.001480163,0,1,1991,1107,accepted,0,1.000000000,0.000000000,0.000000000,0.000000000
1517157428.662457228,708,561,0.136544048,nan,nan,nan,nan,0,0,0,1143,current_cooldown_reject,0,1.000000000,0.000000000,0.000000000,0.000000000
1517157428.864177227,709,573,0.164549825,nan,nan,nan,nan,0,0,0,1144,current_cooldown_reject,0,1.000000000,0.000000000,0.000000000,0.000000000
1517157429.065837383,710,355,0.177344653,nan,nan,nan,nan,0,0,0,1167,candidate_cooldown_reject,0,1.000000000,0.000000000,0.000000000,0.000000000
1517157429.267557383,711,533,0.093471013,nan,nan,nan,nan,0,0,0,1173,current_cooldown_reject,0,1.000000000,0.000000000,0.000000000,0.000000000
1517157429.469277382,712,522,0.128928125,nan,nan,nan,nan,0,0,0,1142,current_cooldown_reject,0,1.000000000,0.000000000,0.000000000,0.000000000
1517157429.769062757,713,469,0.077676875,nan,nan,nan,nan,0,0,0,1122,candidate_cooldown_reject,0,1.000000000,0.000000000,0.000000000,0.000000000
1517157430.065383673,714,603,0.170451395,nan,nan,nan,nan,0,0,0,1093,current_cooldown_reject,0,1.000000000,0.000000000,0.000000000,0.000000000
1517157430.376956224,715,232,0.047623013,nan,nan,nan,nan,0,0,0,1118,candidate_cooldown_reject,0,1.000000000,0.000000000,0.000000000,0.000000000
1517157430.679536343,716,371,0.074603320,nan,nan,nan,nan,0,0,0,1107,candidate_cooldown_reject,0,1.000000000,0.000000000,0.000000000,0.000000000
1517157430.982115984,717,371,0.029274582,nan,nan,nan,nan,0,0,0,1103,candidate_cooldown_reject,0,1.000000000,0.000000000,0.000000000,0.000000000
1517157431.284635305,718,371,0.100118144,nan,nan,nan,nan,0,0,0,1070,candidate_cooldown_reject,0,1.000000000,0.000000000,0.000000000,0.000000000
1517157431.587215185,719,544,0.107423119,nan,nan,nan,nan,0,0,2311,1022,icp_not_converged,0,1.000000000,0.000000000,0.000000000,0.000000000
1517157431.990656137,720,546,0.052506393,nan,nan,nan,nan,0,0,2311,1016,icp_not_converged,0,1.000000000,0.000000000,0.000000000,0.000000000
1517157432.293183327,721,167,0.030303816,nan,nan,nan,nan,0,0,0,987,candidate_cooldown_reject,0,1.000000000,0.000000000,0.000000000,0.000000000
1517157432.494903326,722,374,0.060279879,nan,nan,nan,nan,0,0,0,988,candidate_cooldown_reject,0,1.000000000,0.000000000,0.000000000,0.000000000
1517157432.696623325,723,166,0.109996738,nan,nan,nan,nan,0,0,0,1053,candidate_cooldown_reject,0,1.000000000,0.000000000,0.000000000,0.000000000
1517157433.099994183,725,603,0.111166155,nan,nan,nan,nan,0,0,2267,1092,icp_not_converged,0,1.000000000,0.000000000,0.000000000,0.000000000
1517157433.301714182,726,374,0.134151950,nan,nan,nan,nan,0,0,0,1015,candidate_cooldown_reject,0,1.000000000,0.000000000,0.000000000,0.000000000
1517157433.503434181,727,462,0.140566997,nan,nan,nan,nan,0,0,0,1006,candidate_cooldown_reject,0,1.000000000,0.000000000,0.000000000,0.000000000
1517157433.705154419,728,378,0.065718620,nan,nan,nan,nan,0,0,0,950,candidate_cooldown_reject,0,1.000000000,0.000000000,0.000000000,0.000000000
1517157433.906874180,729,636,0.109913571,790.648833419,0.300000000,nan,nan,0,0,1941,958,fitness_reject,0,1.000000000,0.000000000,0.000000000,0.000000000
1517157434.209393263,730,462,0.035848721,nan,nan,nan,nan,0,0,0,935,candidate_cooldown_reject,0,1.000000000,0.000000000,0.000000000,0.000000000
1517157434.411113262,731,390,0.141425403,nan,nan,nan,nan,0,0,0,941,candidate_cooldown_reject,0,1.000000000,0.000000000,0.000000000,0.000000000
1517157434.612833261,732,400,0.095367195,nan,nan,nan,nan,0,0,0,904,candidate_cooldown_reject,0,1.000000000,0.000000000,0.000000000,0.000000000
1517157434.814553261,733,383,0.019115593,nan,nan,nan,nan,0,0,0,933,candidate_cooldown_reject,0,1.000000000,0.000000000,0.000000000,0.000000000
1517157435.016212225,734,383,0.043019453,nan,nan,nan,nan,0,0,0,921,candidate_cooldown_reject,0,1.000000000,0.000000000,0.000000000,0.000000000
1517157435.217932224,735,385,0.098557086,nan,nan,nan,nan,0,0,0,1009,candidate_cooldown_reject,0,1.000000000,0.000000000,0.000000000,0.000000000
1517157435.419651985,736,163,0.073981989,nan,nan,nan,nan,0,0,0,1002,candidate_cooldown_reject,0,1.000000000,0.000000000,0.000000000,0.000000000
1517157435.621372223,737,469,0.172493467,nan,nan,nan,nan,0,0,0,1031,candidate_cooldown_reject,0,1.000000000,0.000000000,0.000000000,0.000000000
1517157435.722232342,738,629,0.085634148,896.259612675,0.300000000,nan,nan,0,0,1872,1066,fitness_reject,0,1.000000000,0.000000000,0.000000000,0.000000000
1517157436.024751186,739,130,0.159217179,nan,nan,nan,nan,0,0,0,1030,candidate_cooldown_reject,0,1.000000000,0.000000000,0.000000000,0.000000000
1517157436.428192139,740,233,0.092755478,nan,nan,nan,nan,0,0,0,1105,candidate_cooldown_reject,0,1.000000000,0.000000000,0.000000000,0.000000000
1517157436.730772257,741,519,0.140183583,nan,nan,nan,nan,0,0,1917,1079,icp_not_converged,0,1.000000000,0.000000000,0.000000000,0.000000000
1517157437.638451338,744,603,0.178357901,nan,nan,nan,nan,0,0,2267,1109,icp_not_converged,0,1.000000000,0.000000000,0.000000000,0.000000000
1517157438.848711252,749,220,0.091640205,nan,nan,nan,nan,0,0,0,1234,candidate_cooldown_reject,0,1.000000000,0.000000000,0.000000000,0.000000000
1517157440.764931440,758,303,0.166282928,nan,nan,nan,nan,0,0,0,1176,candidate_cooldown_reject,0,1.000000000,0.000000000,0.000000000,0.000000000
1517157441.672609329,762,579,0.107845834,nan,nan,nan,nan,0,0,2365,975,icp_not_converged,0,1.000000000,0.000000000,0.000000000,0.000000000
1517157441.874329329,763,591,0.106192404,nan,nan,nan,nan,0,0,2365,978,icp_not_converged,0,1.000000000,0.000000000,0.000000000,0.000000000
1517157442.075988293,764,424,0.113214732,nan,nan,nan,nan,0,0,0,1032,candidate_cooldown_reject,0,1.000000000,0.000000000,0.000000000,0.000000000
1517157442.277708292,765,53,0.062025766,9.788624869,0.300000000,nan,nan,0,0,2245,1007,fitness_reject,0,1.000000000,0.000000000,0.000000000,0.000000000
1517157442.479428291,766,424,0.142556828,nan,nan,nan,nan,0,0,0,1005,candidate_cooldown_reject,0,1.000000000,0.000000000,0.000000000,0.000000000
1517157442.681148529,767,424,0.094824561,nan,nan,nan,nan,0,0,0,1026,candidate_cooldown_reject,0,1.000000000,0.000000000,0.000000000,0.000000000
1517157442.882868290,768,424,0.056270928,nan,nan,nan,nan,0,0,0,1020,candidate_cooldown_reject,0,1.000000000,0.000000000,0.000000000,0.000000000
1517157443.084527254,769,416,0.117424481,nan,nan,nan,nan,0,0,0,1045,candidate_cooldown_reject,0,1.000000000,0.000000000,0.000000000,0.000000000
1517157443.185387373,770,113,0.064072847,nan,nan,nan,nan,0,0,0,1113,candidate_cooldown_reject,0,1.000000000,0.000000000,0.000000000,0.000000000
1517157443.387107372,771,715,0.098365896,5.315238898,0.300000000,nan,nan,0,0,2174,1086,fitness_reject,0,1.000000000,0.000000000,0.000000000,0.000000000
1517157443.588827372,772,263,0.072247555,nan,nan,nan,nan,0,0,0,1136,candidate_cooldown_reject,0,1.000000000,0.000000000,0.000000000,0.000000000
1517157443.790547371,773,270,0.129696916,nan,nan,nan,nan,0,0,0,1063,candidate_cooldown_reject,0,1.000000000,0.000000000,0.000000000,0.000000000
1517157443.992267370,774,113,0.154915166,nan,nan,nan,nan,0,0,0,1140,candidate_cooldown_reject,0,1.000000000,0.000000000,0.000000000,0.000000000
1517157444.193926334,775,136,0.031480462,nan,nan,nan,nan,0,0,0,1102,candidate_cooldown_reject,0,1.000000000,0.000000000,0.000000000,0.000000000
1517157444.294786215,776,435,0.165521331,nan,nan,nan,nan,0,0,0,1129,candidate_cooldown_reject,0,1.000000000,0.000000000,0.000000000,0.000000000
1517157444.597366333,777,394,0.050930062,nan,nan,nan,nan,0,0,0,1096,candidate_cooldown_reject,0,1.000000000,0.000000000,0.000000000,0.000000000
1517157444.799086332,778,60,0.132549999,9.904316113,0.300000000,nan,nan,0,0,2430,1090,fitness_reject,0,1.000000000,0.000000000,0.000000000,0.000000000
1517157445.101606369,779,433,0.093180266,nan,nan,nan,nan,0,0,0,1120,candidate_cooldown_reject,0,1.000000000,0.000000000,0.000000000,0.000000000
1517157445.303327322,780,435,0.083894589,nan,nan,nan,nan,0,0,0,1125,candidate_cooldown_reject,0,1.000000000,0.000000000,0.000000000,0.000000000
1517157445.505047321,781,435,0.059886900,nan,nan,nan,nan,0,0,0,1060,candidate_cooldown_reject,0,1.000000000,0.000000000,0.000000000,0.000000000
1517157445.706767321,782,630,0.099279556,nan,nan,nan,nan,0,0,1961,1056,icp_not_converged,0,1.000000000,0.000000000,0.000000000,0.000000000
1517157445.908487320,783,451,0.110623843,nan,nan,nan,nan,0,0,2003,1051,icp_not_converged,0,1.000000000,0.000000000,0.000000000,0.000000000
1517157446.211005211,784,562,0.065910796,nan,nan,nan,nan,0,0,2400,1041,icp_not_converged,0,1.000000000,0.000000000,0.000000000,0.000000000
1517157446.412725210,785,57,0.058784305,7.204854654,0.300000000,nan,nan,0,0,2308,1041,fitness_reject,0,1.000000000,0.000000000,0.000000000,0.000000000
1517157446.614445210,786,235,0.114195159,nan,nan,nan,nan,0,0,0,1050,candidate_cooldown_reject,0,1.000000000,0.000000000,0.000000000,0.000000000
1517157446.816165209,787,253,0.108795823,nan,nan,nan,nan,0,0,0,1004,candidate_cooldown_reject,0,1.000000000,0.000000000,0.000000000,0.000000000
1517157447.017824411,788,122,0.125978648,nan,nan,nan,nan,0,0,0,1114,candidate_cooldown_reject,0,1.000000000,0.000000000,0.000000000,0.000000000
1517157447.320405245,789,401,0.085573834,nan,nan,nan,nan,0,0,0,1077,candidate_cooldown_reject,0,1.000000000,0.000000000,0.000000000,0.000000000
1517157447.522125244,790,637,0.120054764,nan,nan,nan,nan,0,0,1913,1070,icp_not_converged,0,1.000000000,0.000000000,0.000000000,0.000000000
1517157447.723845005,791,577,0.045147617,nan,nan,nan,nan,0,0,2344,1082,icp_not_converged,0,1.000000000,0.000000000,0.000000000,0.000000000
1517157447.925565243,792,733,0.129294178,3.743063842,0.300000000,nan,nan,0,0,2498,1057,fitness_reject,0,1.000000000,0.000000000,0.000000000,0.000000000
1517157448.127225399,793,451,0.163556624,nan,nan,nan,nan,0,0,2003,1065,icp_not_converged,0,1.000000000,0.000000000,0.000000000,0.000000000
1517157448.328945398,794,449,0.160725037,nan,nan,nan,nan,0,0,2108,1078,icp_not_converged,0,1.000000000,0.000000000,0.000000000,0.000000000
1517157448.732385397,796,621,0.117386716,nan,nan,nan,nan,0,0,1777,1076,icp_not_converged,0,1.000000000,0.000000000,0.000000000,0.000000000
1517157448.934105396,797,449,0.082321144,nan,nan,nan,nan,0,0,2108,1075,icp_not_converged,0,1.000000000,0.000000000,0.000000000,0.000000000
1517157449.135763407,798,449,0.128386415,nan,nan,nan,nan,0,0,2108,1056,icp_not_converged,0,1.000000000,0.000000000,0.000000000,0.000000000
1517157449.337483406,799,621,0.134659977,nan,nan,nan,nan,0,0,1777,1091,icp_not_converged,0,1.000000000,0.000000000,0.000000000,0.000000000
1517157449.640064240,800,733,0.148298222,2.951956086,0.300000000,nan,nan,0,0,2498,1148,fitness_reject,0,1.000000000,0.000000000,0.000000000,0.000000000
1517157449.841784239,801,244,0.036495251,nan,nan,nan,nan,0,0,0,1070,candidate_cooldown_reject,0,1.000000000,0.000000000,0.000000000,0.000000000
1517157450.043443203,802,182,0.061833454,nan,nan,nan,nan,0,0,0,1071,candidate_cooldown_reject,0,1.000000000,0.000000000,0.000000000,0.000000000
1517157450.245163202,803,733,0.089924991,1.289961812,0.300000000,nan,nan,0,0,2498,1122,fitness_reject,0,1.000000000,0.000000000,0.000000000,0.000000000
1517157450.446883440,804,180,0.109528584,nan,nan,nan,nan,0,0,0,1110,candidate_cooldown_reject,0,1.000000000,0.000000000,0.000000000,0.000000000
1517157450.648603201,805,736,0.068878918,3.993071641,0.300000000,nan,nan,0,0,2695,1087,fitness_reject,0,1.000000000,0.000000000,0.000000000,0.000000000
1517157450.850323200,806,124,0.111284457,nan,nan,nan,nan,0,0,0,1081,candidate_cooldown_reject,0,1.000000000,0.000000000,0.000000000,0.000000000
1517157451.051982403,807,60,0.069307149,3.595188554,0.300000000,nan,nan,0,0,2430,1084,fitness_reject,0,1.000000000,0.000000000,0.000000000,0.000000000
1517157451.253702402,808,708,0.139191367,15.999803693,0.300000000,nan,nan,0,0,2158,1071,fitness_reject,0,1.000000000,0.000000000,0.000000000,0.000000000
1517157451.657142162,810,131,0.145337483,nan,nan,nan,nan,0,0,0,1293,candidate_cooldown_reject,0,1.000000000,0.000000000,0.000000000,0.000000000
1517157452.766541243,815,759,0.120728081,2.261820109,0.300000000,nan,nan,0,0,2670,1115,fitness_reject,0,1.000000000,0.000000000,0.000000000,0.000000000
1517157453.069070339,816,740,0.165240687,2.704456076,0.300000000,nan,nan,0,0,2814,1094,fitness_reject,0,1.000000000,0.000000000,0.000000000,0.000000000
1517157453.371650219,817,578,0.172268733,nan,nan,nan,nan,0,0,2328,1076,icp_not_converged,0,1.000000000,0.000000000,0.000000000,0.000000000
1517157453.674230337,818,162,0.097286014,nan,nan,nan,nan,0,0,0,1029,candidate_cooldown_reject,0,1.000000000,0.000000000,0.000000000,0.000000000
1517157453.875951290,819,738,0.119150516,1.865954329,0.300000000,nan,nan,0,0,2831,1079,fitness_reject,0,1.000000000,0.000000000,0.000000000,0.000000000
1517157454.077600241,820,577,0.157650069,nan,nan,nan,nan,0,0,2344,1032,icp_not_converged,0,1.000000000,0.000000000,0.000000000,0.000000000
1517157454.380180597,821,549,0.122415988,nan,nan,nan,nan,0,0,2393,1107,icp_not_converged,0,1.000000000,0.000000000,0.000000000,0.000000000
1517157454.481040239,822,603,0.129655897,nan,nan,nan,nan,0,0,2267,1118,icp_not_converged,0,1.000000000,0.000000000,0.000000000,0.000000000
1517157455.993879318,827,169,0.150330162,nan,nan,nan,nan,0,0,0,1133,candidate_cooldown_reject,0,1.000000000,0.000000000,0.000000000,0.000000000
1517157456.598979235,829,460,0.171855688,nan,nan,nan,nan,0,0,0,1046,candidate_cooldown_reject,0,1.000000000,0.000000000,0.000000000,0.000000000
1517157457.304938316,831,416,0.155037121,nan,nan,nan,nan,0,0,0,987,candidate_cooldown_reject,0,1.000000000,0.000000000,0.000000000,0.000000000
1517157458.212616205,834,371,0.107992859,nan,nan,nan,nan,0,0,0,1105,candidate_cooldown_reject,0,1.000000000,0.000000000,0.000000000,0.000000000
1517157458.414337397,835,279,0.111204233,nan,nan,nan,nan,0,0,0,1047,candidate_cooldown_reject,0,1.000000000,0.000000000,0.000000000,0.000000000
1517157458.616057396,836,401,0.144175066,nan,nan,nan,nan,0,0,0,1049,candidate_cooldown_reject,0,1.000000000,0.000000000,0.000000000,0.000000000
1517157458.817777395,837,425,0.111186363,nan,nan,nan,nan,0,0,0,1030,candidate_cooldown_reject,0,1.000000000,0.000000000,0.000000000,0.000000000
1517157459.019437313,838,254,0.103362133,nan,nan,nan,nan,0,0,0,1048,candidate_cooldown_reject,0,1.000000000,0.000000000,0.000000000,0.000000000
1517157459.221157312,839,113,0.076785012,nan,nan,nan,nan,0,0,0,1049,candidate_cooldown_reject,0,1.000000000,0.000000000,0.000000000,0.000000000
1517157459.422877073,840,177,0.152072679,nan,nan,nan,nan,0,0,0,1077,candidate_cooldown_reject,0,1.000000000,0.000000000,0.000000000,0.000000000
1517157459.624597311,841,380,0.045523050,nan,nan,nan,nan,0,0,0,1061,candidate_cooldown_reject,0,1.000000000,0.000000000,0.000000000,0.000000000
1517157459.826317310,842,464,0.088592534,nan,nan,nan,nan,0,0,0,1043,candidate_cooldown_reject,0,1.000000000,0.000000000,0.000000000,0.000000000
1517157460.027976274,843,568,0.088991348,nan,nan,nan,nan,0,0,2385,1072,icp_not_converged,0,1.000000000,0.000000000,0.000000000,0.000000000
1517157460.431416273,844,64,0.150412424,0.829378591,0.300000000,nan,nan,0,0,2574,1061,fitness_reject,0,1.000000000,0.000000000,0.000000000,0.000000000
1517157460.633137226,845,539,0.085870073,nan,nan,nan,nan,0,0,2230,1086,icp_not_converged,0,1.000000000,0.000000000,0.000000000,0.000000000
1517157460.834857225,846,568,0.046384374,nan,nan,nan,nan,0,0,2385,1055,icp_not_converged,0,1.000000000,0.000000000,0.000000000,0.000000000
1517157461.036515236,847,608,0.108617775,nan,nan,nan,nan,0,0,2165,1089,icp_not_converged,0,1.000000000,0.000000000,0.000000000,0.000000000
1517157461.238235235,848,204,0.126081662,9.012341228,0.300000000,nan,nan,0,0,2475,1076,fitness_reject,0,1.000000000,0.000000000,0.000000000,0.000000000
1517157461.540815353,849,176,0.154670615,nan,nan,nan,nan,0,0,0,1070,candidate_cooldown_reject,0,1.000000000,0.000000000,0.000000000,0.000000000
1517157461.742535353,850,233,0.131813990,nan,nan,nan,nan,0,0,0,1193,candidate_cooldown_reject,0,1.000000000,0.000000000,0.000000000,0.000000000
1517157461.944255114,851,627,0.096202943,nan,nan,nan,nan,0,0,1770,1133,icp_not_converged,0,1.000000000,0.000000000,0.000000000,0.000000000
1517157462.145914316,852,196,0.106066735,4.378448052,0.300000000,nan,nan,0,0,2348,1073,fitness_reject,0,1.000000000,0.000000000,0.000000000,0.000000000
1517157462.549354315,854,246,0.115714092,nan,nan,nan,nan,0,0,0,1077,candidate_cooldown_reject,0,1.000000000,0.000000000,0.000000000,0.000000000
1517157462.751075268,855,584,0.101897114,nan,nan,nan,nan,0,0,2304,1046,icp_not_converged,0,1.000000000,0.000000000,0.000000000,0.000000000
1517157462.952795506,856,579,0.150813979,nan,nan,nan,nan,0,0,2365,1048,icp_not_converged,0,1.000000000,0.000000000,0.000000000,0.000000000
1517157463.154455185,857,246,0.085190425,nan,nan,nan,nan,0,0,0,1062,candidate_cooldown_reject,0,1.000000000,0.000000000,0.000000000,0.000000000
1517157463.356175184,858,204,0.079530360,7.693179564,0.300000000,nan,nan,0,0,2475,1037,fitness_reject,0,1.000000000,0.000000000,0.000000000,0.000000000
1517157463.557895184,859,246,0.096138916,nan,nan,nan,nan,0,0,0,1028,candidate_cooldown_reject,0,1.000000000,0.000000000,0.000000000,0.000000000
1517157463.961335182,860,610,0.130578744,nan,nan,nan,nan,0,0,2107,1069,icp_not_converged,0,1.000000000,0.000000000,0.000000000,0.000000000
1517157464.162994385,861,610,0.118706037,nan,nan,nan,nan,0,0,2107,1049,icp_not_converged,0,1.000000000,0.000000000,0.000000000,0.000000000
1517157464.364714384,862,592,0.163251302,nan,nan,nan,nan,0,0,2378,1064,icp_not_converged,0,1.000000000,0.000000000,0.000000000,0.000000000
1517157464.768154383,864,588,0.153605810,nan,nan,nan,nan,0,0,2327,1061,icp_not_converged,0,1.000000000,0.000000000,0.000000000,0.000000000
1517157464.969875574,865,460,0.134130801,nan,nan,nan,nan,0,0,0,1109,candidate_cooldown_reject,0,1.000000000,0.000000000,0.000000000,0.000000000
1517157465.171533346,866,624,0.164951375,nan,nan,nan,nan,0,0,1762,1138,icp_not_converged,0,1.000000000,0.000000000,0.000000000,0.000000000
1517157465.373253345,867,268,0.131066280,nan,nan,nan,nan,0,0,0,1117,candidate_cooldown_reject,0,1.000000000,0.000000000,0.000000000,0.000000000
1517157465.574973345,868,92,0.125137487,0.713251642,0.300000000,nan,nan,0,0,2510,1155,fitness_reject,0,1.000000000,0.000000000,0.000000000,0.000000000
1517157465.978413343,870,784,0.122635673,2.305811402,0.300000000,nan,nan,0,0,2386,1129,fitness_reject,0,1.000000000,0.000000000,0.000000000,0.000000000
1517157466.180072308,871,114,0.151221302,nan,nan,nan,nan,0,0,0,1094,candidate_cooldown_reject,0,1.000000000,0.000000000,0.000000000,0.000000000
1517157466.381792307,872,802,0.055369249,1.146791049,0.300000000,nan,nan,0,0,2921,1072,fitness_reject,0,1.000000000,0.000000000,0.000000000,0.000000000
1517157466.583512306,873,203,0.078143402,12.372906421,0.300000000,nan,nan,0,0,2444,1091,fitness_reject,0,1.000000000,0.000000000,0.000000000,0.000000000
1517157466.886092186,874,784,0.098970342,10.593745300,0.300000000,nan,nan,0,0,2386,1095,fitness_reject,0,1.000000000,0.000000000,0.000000000,0.000000000
1517157467.289470196,876,124,0.130139407,nan,nan,nan,nan,0,0,0,1113,candidate_cooldown_reject,0,1.000000000,0.000000000,0.000000000,0.000000000
1517157467.592051268,877,545,0.127179718,nan,nan,nan,nan,0,0,2261,1104,icp_not_converged,0,1.000000000,0.000000000,0.000000000,0.000000000
1517157468.802310228,883,278,0.140287187,nan,nan,nan,nan,0,0,0,1153,candidate_cooldown_reject,0,1.000000000,0.000000000,0.000000000,0.000000000
1517157469.003969193,884,561,0.087643737,nan,nan,nan,nan,0,0,2374,1138,icp_not_converged,0,1.000000000,0.000000000,0.000000000,0.000000000
1517157469.205689192,885,133,0.083590281,nan,nan,nan,nan,0,0,0,1128,candidate_cooldown_reject,0,1.000000000,0.000000000,0.000000000,0.000000000
1517157469.407409191,886,556,0.174384906,nan,nan,nan,nan,0,0,2482,1131,icp_not_converged,0,1.000000000,0.000000000,0.000000000,0.000000000
1517157469.709990263,887,248,0.137392669,nan,nan,nan,nan,0,0,0,1093,candidate_cooldown_reject,0,1.000000000,0.000000000,0.000000000,0.000000000
1517157470.012509346,888,244,0.096929878,nan,nan,nan,nan,0,0,0,1123,candidate_cooldown_reject,0,1.000000000,0.000000000,0.000000000,0.000000000
1517157470.214229345,889,587,0.166614613,nan,nan,nan,nan,0,0,2294,1129,icp_not_converged,0,1.000000000,0.000000000,0.000000000,0.000000000
1517157470.415949345,890,244,0.072034422,nan,nan,nan,nan,0,0,0,1099,candidate_cooldown_reject,0,1.000000000,0.000000000,0.000000000,0.000000000
1517157470.617669344,891,587,0.130876895,nan,nan,nan,nan,0,0,2294,1090,icp_not_converged,0,1.000000000,0.000000000,0.000000000,0.000000000
1517157470.819389343,892,184,0.074204011,nan,nan,nan,nan,0,0,0,1086,candidate_cooldown_reject,0,1.000000000,0.000000000,0.000000000,0.000000000
1517157471.121908188,893,111,0.098813401,2.345825599,0.300000000,nan,nan,0,0,2517,1102,fitness_reject,0,1.000000000,0.000000000,0.000000000,0.000000000
1517157471.323628187,894,104,0.113468965,3.060419018,0.300000000,nan,nan,0,0,2601,1084,fitness_reject,0,1.000000000,0.000000000,0.000000000,0.000000000
1517157471.827928305,897,278,0.178696208,nan,nan,nan,nan,0,0,0,1195,candidate_cooldown_reject,0,1.000000000,0.000000000,0.000000000,0.000000000
1517157472.029587269,898,278,0.056106646,nan,nan,nan,nan,0,0,0,1156,candidate_cooldown_reject,0,1.000000000,0.000000000,0.000000000,0.000000000
1517157472.231307268,899,770,0.072923552,21.585728533,0.300000000,nan,nan,0,0,2446,1116,fitness_reject,0,1.000000000,0.000000000,0.000000000,0.000000000
1517157472.433027267,900,469,0.139455063,nan,nan,nan,nan,0,0,0,1117,candidate_cooldown_reject,0,1.000000000,0.000000000,0.000000000,0.000000000
1517157472.634747505,901,65,0.092294290,0.063353766,0.300000000,0.043452877,0.002292992,0,1,2630,1104,accepted,0,1.000000000,0.000000000,0.000000000,0.000000000
1517157472.836467266,902,390,0.052048692,nan,nan,nan,nan,0,0,0,1095,candidate_cooldown_reject,0,1.000000000,0.000000000,0.000000000,0.000000000
1517157473.441567183,904,112,0.132491090,nan,nan,nan,nan,0,0,0,1060,candidate_cooldown_reject,0,1.000000000,0.000000000,0.000000000,0.000000000
1517157473.643287182,905,104,0.074258624,nan,nan,nan,nan,0,0,0,1085,current_cooldown_reject,0,1.000000000,0.000000000,0.000000000,0.000000000
1517157473.845007181,906,769,0.077856228,nan,nan,nan,nan,0,0,0,1073,current_cooldown_reject,0,1.000000000,0.000000000,0.000000000,0.000000000
1517157474.046674252,907,122,0.092648215,nan,nan,nan,nan,0,0,0,1098,candidate_cooldown_reject,0,1.000000000,0.000000000,0.000000000,0.000000000
1517157474.248394251,908,168,0.165311624,nan,nan,nan,nan,0,0,0,1057,candidate_cooldown_reject,0,1.000000000,0.000000000,0.000000000,0.000000000
1517157474.651834249,910,227,0.104664598,nan,nan,nan,nan,0,0,0,1173,candidate_cooldown_reject,0,1.000000000,0.000000000,0.000000000,0.000000000
1517157474.853554249,911,581,0.093489675,nan,nan,nan,nan,0,0,2323,1133,icp_not_converged,0,1.000000000,0.000000000,0.000000000,0.000000000
1517157475.055205345,912,132,0.173271510,nan,nan,nan,nan,0,0,0,1102,candidate_cooldown_reject,0,1.000000000,0.000000000,0.000000000,0.000000000
1517157475.256925344,913,607,0.088945774,nan,nan,nan,nan,0,0,2198,1081,icp_not_converged,0,1.000000000,0.000000000,0.000000000,0.000000000
1517157475.458645344,914,410,0.156102794,nan,nan,nan,nan,0,0,0,1091,candidate_cooldown_reject,0,1.000000000,0.000000000,0.000000000,0.000000000
1517157475.660365343,915,133,0.130216180,nan,nan,nan,nan,0,0,0,1102,candidate_cooldown_reject,0,1.000000000,0.000000000,0.000000000,0.000000000
1517157475.862085342,916,885,0.173819391,0.261548255,0.300000000,0.137799460,0.016100869,0,1,2761,1132,accepted,0,1.000000000,0.000000000,0.000000000,0.000000000
1517157476.063744307,917,885,0.158482958,nan,nan,nan,nan,0,0,0,1148,current_cooldown_reject,0,1.000000000,0.000000000,0.000000000,0.000000000
1517157476.265465260,918,740,0.105575718,nan,nan,nan,nan,0,0,0,1291,current_cooldown_reject,0,1.000000000,0.000000000,0.000000000,0.000000000
1517157477.072284222,922,274,0.157438819,nan,nan,nan,nan,0,0,0,1063,candidate_cooldown_reject,0,1.000000000,0.000000000,0.000000000,0.000000000
1517157477.274004221,923,252,0.140435920,nan,nan,nan,nan,0,0,0,1049,candidate_cooldown_reject,0,1.000000000,0.000000000,0.000000000,0.000000000
1517157478.181683302,926,740,0.111645091,50.578754979,0.300000000,nan,nan,0,0,2814,906,fitness_reject,0,1.000000000,0.000000000,0.000000000,0.000000000
1517157478.484264374,927,579,0.074622579,nan,nan,nan,nan,0,0,2365,910,icp_not_converged,0,1.000000000,0.000000000,0.000000000,0.000000000
1517157478.786844254,928,410,0.168216629,nan,nan,nan,nan,0,0,0,876,candidate_cooldown_reject,0,1.000000000,0.000000000,0.000000000,0.000000000
1517157479.089362383,929,581,0.113101288,nan,nan,nan,nan,0,0,2323,858,icp_not_converged,0,1.000000000,0.000000000,0.000000000,0.000000000
1517157479.492802382,930,588,0.129680275,nan,nan,nan,nan,0,0,2327,880,icp_not_converged,0,1.000000000,0.000000000,0.000000000,0.000000000
1517157479.795382261,931,899,0.139592878,nan,nan,nan,nan,0,0,0,897,candidate_cooldown_reject,0,1.000000000,0.000000000,0.000000000,0.000000000
1517157480.198761225,932,603,0.133480263,nan,nan,nan,nan,0,0,2267,849,icp_not_converged,0,1.000000000,0.000000000,0.000000000,0.000000000
1517157481.106442213,934,842,0.172566426,7.543052118,0.300000000,nan,nan,0,0,3160,838,fitness_reject,0,1.000000000,0.000000000,0.000000000,0.000000000
1517157482.114981413,937,633,0.150422169,nan,nan,nan,nan,0,0,1994,959,icp_not_converged,0,1.000000000,0.000000000,0.000000000,0.000000000
1517157482.417561293,938,803,0.120502988,58.577635042,0.300000000,nan,nan,0,0,3047,933,fitness_reject,0,1.000000000,0.000000000,0.000000000,0.000000000
1517157482.720142365,939,427,0.058660125,nan,nan,nan,nan,0,0,0,949,candidate_cooldown_reject,0,1.000000000,0.000000000,0.000000000,0.000000000
1517157483.224379301,941,775,0.148734397,41.834444972,0.300000000,nan,nan,0,0,2427,1038,fitness_reject,0,1.000000000,0.000000000,0.000000000,0.000000000
