frame,lidar_begin_time,lidar_end_time,adaptive_map,degenerate,degeneracy_mode,window_ready,pos_x,pos_y,pos_z,quat_x,quat_y,quat_z,quat_w,downsampled_points,effective_points,effective_ratio,residual_mean,residual_median,residual_mad,normal_eigen_ratio,condition_number,window_degenerate_ratio,window_normal_eigen_ratio_mean,window_residual_cv,window_path_length,window_yaw_change,window_condition_number_mean,window_recent_degenerate_streak,map_added,point_to_add,point_no_need_downsample,insert_ratio,quality_rejected,invalid_quality_rejected,direction_rejected,persistent_quota_rejected,novel_accepted,novel_rejected,voxel_rejected,total_rejected,map_size,total_map_added,total_quality_rejected,total_direction_rejected,total_persistent_quota_rejected,total_voxel_rejected
1,1706584505.472604513,1706584505.572421074,1,0,0,0,-0.028025071,0.011468158,0.017868692,-0.002472220,0.001240158,-0.000008187,0.999996175,1876,1565,0.834221748,0.025967223,0.009765923,0.006818116,0.031532858,76.778413609,0.000000000,0.031532858,0.000000000,0.000000000,0.000000000,76.778413609,0,1175,1096,79,0.626332623,226,0,0,0,0,0,475,226,2542,1175,226,0,0,475
2,1706584505.572432756,1706584505.672264338,1,0,0,0,0.013877157,-0.003937010,0.015101331,-0.000399887,0.000876609,0.000225028,0.999999511,1879,1643,0.874401277,0.018890323,0.008013312,0.005574269,0.041532482,65.110957466,0.000000000,0.036532670,0.157763878,0.044730014,0.000471860,70.944685538,0,762,730,32,0.405534859,172,0,0,0,0,0,945,172,2840,1937,398,0,0,1420
3,1706584505.673074007,1706584505.772902966,1,0,0,0,-0.008325653,-0.000757122,0.013497932,-0.001323151,0.000715533,0.000293436,0.999998826,1954,1683,0.861310133,0.021464009,0.008273204,0.005735554,0.044931458,66.850132590,0.000000000,0.039332266,0.132296773,0.067216618,0.000607484,69.579834555,0,807,769,38,0.412998976,200,0,0,0,0,0,945,202,3173,2744,598,0,0,2365
4,1706584505.772915125,1706584505.872747898,1,0,0,0,-0.013177160,0.005245910,0.013353799,-0.001003555,0.000866904,0.000032427,0.999999120,1885,1690,0.896551724,0.020198496,0.007793671,0.005329773,0.039064470,70.709937927,0.000000000,0.039265317,0.123176321,0.074936352,0.001129349,69.862360398,0,647,627,20,0.343236074,173,0,0,0,0,0,1065,173,3394,3391,771,0,0,3430
5,1706584505.872760773,1706584505.972007751,1,0,0,0,-0.006160275,-0.000950424,0.014539330,-0.000312890,0.000814013,0.000536175,0.999999476,1856,1680,0.905172414,0.018741364,0.007533801,0.005300879,0.040225002,71.856769759,0.000000000,0.039457254,0.125800032,0.084372278,0.002138076,70.261242270,0,539,522,17,0.290409483,156,0,0,0,0,0,1161,156,3594,3930,927,0,0,4591
6,1706584505.972593784,1706584506.070913076,1,0,0,0,0.002502878,-0.001978992,0.017463031,0.000148302,0.000778000,0.000297707,0.999999642,1827,1647,0.901477833,0.018475511,0.007913331,0.005420388,0.037925071,71.164789380,0.000000000,0.039201890,0.126140200,0.093573159,0.002614272,70.411833455,0,472,459,13,0.258347017,139,0,0,0,0,0,1216,139,3783,4402,1066,0,0,5807
7,1706584506.072422743,1706584506.169879913,1,0,0,0,0.010501333,0.002256848,0.019188340,-0.000224746,0.000889380,-0.000030132,0.999999579,1874,1672,0.892209178,0.017480895,0.007289654,0.005160745,0.037035238,76.387494802,0.000000000,0.038892369,0.131232523,0.102786970,0.003270581,71.265499362,0,486,471,15,0.259338314,118,0,0,0,0,0,1270,118,3958,4888,1184,0,0,7077
8,1706584506.173064470,1706584506.272882462,1,0,0,0,0.014680705,-0.001897668,0.023114898,-0.000159214,0.000976879,0.000257765,0.999999477,1840,1648,0.895652174,0.018269628,0.007877949,0.005395133,0.032375210,84.071509204,0.000000000,0.038077724,0.128176663,0.109868285,0.003846464,72.866250592,0,400,382,18,0.217391304,142,0,0,0,0,0,1298,142,4106,5288,1326,0,0,8375
9,1706584506.272894382,1706584506.372726202,1,0,0,0,0.017941927,0.000934654,0.027447825,-0.000998004,0.001191790,0.000024215,0.999998792,1905,1703,0.893963255,0.017793303,0.008468603,0.005270400,0.038830646,76.133400770,0.000000000,0.038161382,0.126994124,0.115986444,0.004315634,73.229267279,0,409,397,12,0.214698163,122,0,0,0,0,0,1374,122,4261,5697,1448,0,0,9749
10,1706584506.372737408,1706584506.472570419,1,0,0,0,-0.007611954,0.007301102,0.026497286,-0.000907488,0.001111011,0.000280877,0.999998932,1889,1723,0.912122816,0.019392149,0.008887067,0.005663379,0.041141546,75.277135285,0.000000000,0.038459398,0.120754552,0.142338598,0.004829322,73.434054079,0,393,375,18,0.208046585,138,0,0,0,0,0,1358,138,4391,6090,1586,0,0,11107
11,1706584506.472582340,1706584506.572411060,1,0,0,0,-0.021472317,0.012936071,0.026863417,-0.001330796,0.001130605,0.000062919,0.999998473,1910,1742,0.912041885,0.019835075,0.009101400,0.005658044,0.057388344,62.127487345,0.000000000,0.040180211,0.115071821,0.157305115,0.005266232,72.406184376,0,404,397,7,0.211518325,148,0,0,0,0,0,1357,149,4506,6494,1734,0,0,12464
12,1706584506.572422504,1706584506.672256708,1,0,0,0,-0.039247393,0.013355415,0.025401035,-0.000772785,0.001028186,0.000382197,0.999999100,1903,1746,0.917498686,0.018158954,0.008120923,0.005616924,0.049780058,67.970436582,0.000000000,0.040980199,0.112959622,0.175145174,0.005906209,72.036538727,0,404,393,11,0.212296374,115,0,0,0,0,0,1384,115,4610,6898,1849,0,0,13848
13,1706584506.673066139,1706584506.772905827,1,0,0,0,-0.045828893,0.014763936,0.023251051,-0.002434617,0.001052547,0.000207322,0.999996461,1890,1703,0.901058201,0.018133908,0.008935416,0.006050162,0.054986657,61.835818642,0.000000000,0.042057619,0.110863445,0.182210761,0.006259497,71.251867951,0,377,370,7,0.199470899,120,0,0,0,0,0,1393,120,4704,7275,1969,0,0,15241
14,1706584506.772917271,1706584506.872751713,1,0,0,0,-0.051512154,0.009883097,0.021487897,-0.001068303,0.000992553,0.000381025,0.999998864,1895,1730,0.912928760,0.016611298,0.007248920,0.005204885,0.051013157,70.764987513,0.000000000,0.042697300,0.114427601,0.189906912,0.006609909,71.217090777,0,340,334,6,0.179419525,90,0,0,0,0,0,1465,90,4775,7615,2059,0,0,16706
15,1706584506.872763872,1706584506.972592115,1,0,0,0,-0.063882084,0.010031134,0.022944875,-0.001981493,0.001150009,0.000488371,0.999997256,1879,1710,0.910058542,0.016634763,0.007925880,0.005736044,0.041775668,71.728436486,0.000000000,0.042635858,0.116659068,0.202363230,0.006822164,71.251180491,0,314,305,9,0.167110165,95,0,0,0,0,0,1470,95,4848,7929,2154,0,0,18176
16,1706584506.972604513,1706584507.072417974,1,0,0,0,-0.047508868,0.006264548,0.023628786,-0.001625152,0.001025818,0.000394934,0.999998075,1934,1757,0.908479835,0.016981943,0.007302662,0.005259093,0.053567041,71.693159569,0.000000000,0.043319057,0.116821417,0.219178018,0.007007815,71.278804183,0,335,332,3,0.173216132,101,0,0,0,0,0,1498,101,4930,8264,2255,0,0,19674
17,1706584507.072429895,1706584507.172256708,1,0,0,0,-0.032552176,0.007851530,0.025530265,-0.001427439,0.001117797,0.000206190,0.999998335,1902,1762,0.926393270,0.016240829,0.007257834,0.005190490,0.050455231,67.686270589,0.000000000,0.043738832,0.119186792,0.234338387,0.007385161,71.067478678,0,267,261,6,0.140378549,98,0,0,0,0,0,1537,98,5004,8531,2353,0,0,21211
18,1706584507.173066378,1706584507.271973133,1,0,0,0,-0.024814164,0.009311910,0.028743681,-0.001490105,0.001188736,0.000360064,0.999998118,1836,1669,0.909041394,0.016933150,0.007865717,0.005301145,0.044999156,70.735108838,0.000000000,0.043808850,0.118648442,0.242843419,0.007692559,71.049013686,0,256,248,8,0.139433551,86,0,0,0,0,0,1494,86,5085,8787,2439,0,0,22705
19,1706584507.272909164,1706584507.370930672,1,0,0,0,-0.014816418,0.009091190,0.029202754,-0.001263066,0.001249272,0.000070041,0.999998420,1874,1716,0.915688367,0.016503431,0.007073027,0.004850581,0.042896421,76.957876084,0.000000000,0.043760827,0.119103567,0.252854133,0.008272219,71.360006444,0,260,254,6,0.138740662,84,0,0,0,0,0,1530,84,5162,9047,2523,0,0,24235
20,1706584507.372763634,1706584507.472606421,1,0,0,1,0.002034670,0.005563131,0.031969115,-0.000936191,0.001272487,0.000193511,0.999998733,1880,1719,0.914361702,0.017021458,0.008231674,0.005323965,0.040147544,78.735360678,0.000000000,0.043580163,0.117981041,0.270291424,0.008519933,71.728774156,0,219,214,5,0.116489362,86,0,0,0,0,0,1575,86,5236,9266,2609,0,0,25810
21,1706584507.472617388,1706584507.572454929,1,0,0,1,0.031642450,-0.000185737,0.033148598,-0.001002420,0.001340413,-0.000067215,0.999998597,1900,1730,0.910526316,0.016714183,0.008243900,0.005234563,0.048084357,69.906221463,0.000000000,0.044407738,0.076513232,0.255745202,0.008569831,71.385164549,0,239,230,9,0.125789474,79,0,0,0,0,0,1582,79,5310,9505,2688,0,0,27392
22,1706584507.572466612,1706584507.672288656,1,0,0,1,0.038763990,-0.005698486,0.034459832,-0.000088503,0.001438447,0.000396287,0.999998883,1960,1775,0.905612245,0.018892699,0.009199193,0.006172949,0.046075731,73.606938314,0.000000000,0.044634900,0.076516875,0.242359481,0.009363647,71.809963591,0,242,235,7,0.123469388,102,0,0,0,0,0,1613,105,5380,9747,2790,0,0,29005
23,1706584507.673099756,1706584507.772921801,1,0,0,1,0.046562715,-0.007022386,0.034055837,-0.000994038,0.001283216,0.000197495,0.999998663,1912,1717,0.898012552,0.019258586,0.008736468,0.005775461,0.055469125,66.643997072,0.000000000,0.045161784,0.065443009,0.242560355,0.009241665,71.799656815,0,196,191,5,0.102510460,84,0,0,0,0,0,1628,88,5448,9943,2874,0,0,30633
24,1706584507.772933006,1706584507.872766972,1,0,0,1,0.046269178,-0.007342794,0.031035677,-0.001119841,0.001269142,0.000078511,0.999998565,1900,1728,0.909473684,0.017061215,0.008205070,0.005650979,0.048519550,73.244972901,0.000000000,0.045634538,0.059733144,0.236175689,0.008471198,71.926408564,0,220,210,10,0.115789474,102,0,0,0,0,0,1578,102,5515,10163,2976,0,0,32211
25,1706584507.872778416,1706584507.972614050,1,0,0,1,0.041809377,-0.006829585,0.026334396,-0.001679077,0.001015784,0.000063091,0.999998072,1892,1712,0.904862579,0.017314922,0.008347686,0.005627772,0.056808791,63.958125832,0.000000000,0.046463727,0.058794850,0.233475212,0.008026410,71.531476367,0,192,188,4,0.101479915,91,0,0,0,0,0,1609,91,5578,10355,3067,0,0,33820
26,1706584507.972625494,1706584508.072063923,1,0,0,1,0.025666014,-0.005116283,0.030418177,-0.000521930,0.001265247,0.000259993,0.999999030,1881,1713,0.910685805,0.015724519,0.007534616,0.005112075,0.047554476,71.494853321,0.000000000,0.046945197,0.063029918,0.241001200,0.007765996,71.547979564,0,197,192,5,0.104731526,60,0,0,0,0,0,1624,60,5638,10552,3127,0,0,35444
27,1706584508.072475195,1706584508.170465469,1,0,0,1,0.013530772,0.001242893,0.035274046,-0.001454709,0.001490327,0.000045027,0.999997830,1883,1729,0.918215613,0.016451625,0.008433876,0.005687991,0.051480523,70.126591335,0.000000000,0.047667462,0.064676648,0.248455451,0.007623062,71.234934391,0,189,187,2,0.100371747,79,0,0,0,0,0,1615,79,5691,10741,3206,0,0,37059
28,1706584508.172723532,1706584508.272552252,1,0,0,1,-0.000680992,0.003826250,0.037269057,-0.001585126,0.001309867,0.000035964,0.999997885,1892,1730,0.914376321,0.016357162,0.008416020,0.005267791,0.049119374,71.856036092,0.000000000,0.048504670,0.065685230,0.256919062,0.007171836,70.624160735,0,180,176,4,0.095137421,75,0,0,0,0,0,1637,75,5731,10921,3281,0,0,38696
29,1706584508.272564650,1706584508.372388363,1,0,0,1,-0.017556661,0.005530097,0.037507145,-0.001062264,0.001211699,-0.000291345,0.999998659,1932,1765,0.913561077,0.017317097,0.008449782,0.005417486,0.057072619,65.976103947,0.000000000,0.049416768,0.065575511,0.247530044,0.007311188,70.116295894,0,194,191,3,0.100414079,83,0,0,0,0,0,1655,83,5780,11115,3364,0,0,40351
30,1706584508.372400761,1706584508.472219944,1,0,0,1,-0.014525718,0.007694324,0.036053750,-0.000892327,0.000643386,-0.000421330,0.999999306,1864,1703,0.913626609,0.015587678,0.007723985,0.005265547,0.048869018,70.585552355,0.000000000,0.049803142,0.064248455,0.236561383,0.007132820,69.881716748,0,182,179,3,0.097639485,55,0,0,0,0,0,1627,55,5814,11297,3419,0,0,41978
31,1706584508.473029613,1706584508.572023630,1,0,0,1,-0.015106161,0.011036155,0.032786417,-0.001422561,-0.000377015,-0.001807286,0.999997284,1863,1709,0.917337627,0.016355058,0.008121990,0.005701618,0.047956735,69.860810391,0.000000000,0.049331562,0.054917901,0.223430911,0.009262534,70.268382900,0,170,169,1,0.091250671,70,0,0,0,0,0,1623,70,5847,11467,3489,0,0,43601
32,1706584508.572886467,1706584508.671166420,1,0,0,1,0.022591613,0.012251756,0.030408291,-0.000997367,-0.000652848,-0.004519040,0.999989079,1893,1746,0.922345483,0.018539318,0.008306027,0.005788928,0.051560166,69.306488745,0.000000000,0.049420567,0.056420144,0.254157591,0.014332557,70.335185508,0,180,177,3,0.095087163,94,0,0,0,0,0,1619,94,5894,11647,3583,0,0,45220
33,1706584508.672724485,1706584508.772552967,1,0,0,1,0.066033168,0.009499684,0.029686334,-0.003516039,-0.001349972,-0.007874949,0.999961899,1948,1767,0.907084189,0.016700018,0.007893037,0.005591597,0.046433707,75.112553971,0.000000000,0.048992919,0.054775005,0.289996066,0.020685849,70.999022275,0,191,186,5,0.098049281,83,0,0,0,0,0,1673,84,5951,11838,3666,0,0,46893
34,1706584508.772565365,1706584508.872396946,1,0,0,1,0.125222561,0.006104731,0.033006252,-0.002908909,-0.001080743,-0.011966513,0.999923583,1968,1810,0.919715447,0.017527149,0.008689572,0.006175758,0.051339210,72.284008145,0.000000000,0.049009222,0.054877029,0.336919305,0.028660332,71.074973306,0,209,206,3,0.106199187,81,0,0,0,0,0,1676,83,6005,12047,3747,0,0,48569
35,1706584508.872408390,1706584508.972235680,1,0,0,1,0.207502817,0.001956396,0.037255029,-0.005096689,-0.003996697,-0.017081895,0.999833116,2017,1810,0.897372335,0.018540407,0.009345957,0.006600776,0.057304866,68.193368130,0.000000000,0.049785682,0.057671958,0.402598768,0.038672537,70.898219889,0,217,213,4,0.107585523,79,0,0,0,0,0,1713,87,6052,12264,3826,0,0,50282
36,1706584508.973046541,1706584509.072878361,1,0,0,1,0.287658843,0.000858272,0.038713170,-0.008760274,-0.004228860,-0.022253889,0.999705026,2069,1892,0.914451426,0.017262832,0.009145160,0.006142791,0.049254200,75.273899187,0.000000000,0.049570040,0.057636483,0.467615208,0.048607002,71.077256869,0,213,206,7,0.102948284,71,0,0,0,0,0,1785,71,6114,12477,3897,0,0,52067
37,1706584509.072890520,1706584509.172708750,1,0,0,1,0.394509601,-0.015972027,0.033235954,-0.005180110,-0.001588834,-0.026220425,0.999641501,2100,1893,0.901428571,0.021028833,0.011720431,0.008133421,0.052670821,73.472664622,0.000000000,0.049680819,0.073868325,0.567416885,0.056292604,71.366576571,0,232,230,2,0.110476190,84,0,0,0,0,0,1783,85,6175,12709,3981,0,0,53850
38,1706584509.172720432,1706584509.272556543,1,0,0,1,0.502307523,-0.041122238,0.035948278,0.000418063,0.000542814,-0.033092506,0.999452058,2088,1911,0.915229885,0.018965369,0.010721559,0.007134696,0.045650698,77.380621208,0.000000000,0.049713397,0.075867769,0.668132328,0.069479695,71.698852190,0,193,191,2,0.092432950,74,0,0,0,0,0,1820,75,6215,12902,4055,0,0,55670
39,1706584509.272568226,1706584509.371421099,1,0,0,1,0.615351259,-0.060539901,0.035754145,-0.000307987,0.004902249,-0.040516369,0.999166801,2077,1879,0.904670197,0.019929343,0.011024324,0.007782872,0.054621999,72.517871185,0.000000000,0.050299675,0.079927020,0.765394512,0.084096162,71.476851945,0,219,212,7,0.105440539,79,0,0,0,0,0,1778,80,6272,13121,4134,0,0,57448
40,1706584509.372405529,1706584509.469961643,1,0,0,1,0.724130829,-0.077484860,0.040318189,-0.001240792,0.006554276,-0.047937693,0.998828053,2091,1905,0.911047346,0.019480675,0.010355796,0.006777184,0.053567342,76.043274450,0.000000000,0.050970665,0.082090581,0.845396730,0.098447992,71.342247633,0,238,234,4,0.113821138,95,0,0,0,0,0,1757,96,6330,13359,4229,0,0,59205
41,1706584509.473045111,1706584509.572850943,1,0,0,1,0.826980864,-0.091944314,0.040414437,-0.002640151,0.008254376,-0.053945951,0.998506249,2129,1929,0.906059183,0.021015378,0.011312161,0.007786875,0.064110289,71.471152591,0.000000000,0.051771962,0.088995552,0.940157365,0.109582400,71.420494190,0,245,238,7,0.115077501,94,0,0,0,0,0,1790,94,6401,13604,4323,0,0,60995
42,1706584509.572875738,1706584509.672702074,1,0,0,1,0.908614396,-0.104064953,0.041514288,-0.002955026,0.006937536,-0.059350038,0.998208751,2166,1979,0.913665743,0.018752287,0.009474095,0.006435933,0.062314697,74.895514804,0.000000000,0.052583910,0.088819691,1.014772526,0.120002868,71.484923014,0,228,226,2,0.105263158,107,0,0,0,0,0,1831,107,6459,13832,4430,0,0,62826
43,1706584509.672713518,1706584509.772538185,1,0,0,1,0.976336030,-0.122182568,0.038321302,0.000771868,0.004253115,-0.063284399,0.997986172,2176,1953,0.897518382,0.020452808,0.010052955,0.006976732,0.060410796,80.727486241,0.000000000,0.052830994,0.092323540,1.081897208,0.127596285,72.189097473,0,229,224,5,0.105238971,104,0,0,0,0,0,1843,104,6523,14061,4534,0,0,64669
44,1706584509.772550344,1706584509.872293949,1,0,0,1,1.029540591,-0.135144060,0.031802336,0.000567779,-0.000359817,-0.066335955,0.997797118,2278,2056,0.902546093,0.021474168,0.010371698,0.007067745,0.069877334,78.339463172,0.000000000,0.053898883,0.099145724,1.130544084,0.133684378,72.443821986,0,252,244,8,0.110623354,134,0,0,0,0,0,1892,134,6600,14313,4668,0,0,66561
45,1706584509.872780561,1706584509.972597599,1,0,0,1,1.055011437,-0.138873729,0.031109010,-0.002123484,-0.001961527,-0.069055196,0.997608652,2273,2038,0.896612407,0.022449623,0.011131970,0.007507896,0.063980957,82.429087380,0.000000000,0.054257491,0.108779561,1.139556084,0.138731297,73.367370064,0,253,250,3,0.111306643,122,0,0,0,0,0,1898,122,6673,14566,4790,0,0,68459
46,1706584509.972609520,1706584510.072422028,1,0,0,1,1.075099088,-0.141898465,0.033812820,-0.002813739,-0.001129792,-0.070550768,0.997503582,2330,2086,0.895278970,0.020863879,0.009703735,0.006999498,0.076131989,74.554248471,0.000000000,0.055686367,0.105018325,1.145513769,0.141297992,73.520339821,0,257,256,1,0.110300429,136,0,0,0,0,0,1937,136,6742,14823,4926,0,0,70396
47,1706584510.072434187,1706584510.172255039,1,0,0,1,1.091829294,-0.144122588,0.036564106,-0.003052947,-0.000961062,-0.071239347,0.997454115,2397,2152,0.897788903,0.020695611,0.009555174,0.006660013,0.074391708,78.630045687,0.000000000,0.056831926,0.102211075,1.148032176,0.142660988,73.945512539,0,269,259,10,0.112223613,149,0,0,0,0,0,1978,150,6827,15092,5075,0,0,72374
48,1706584510.173065901,1706584510.272901297,1,0,0,1,1.099077435,-0.145615949,0.037581573,-0.001413625,-0.001643512,-0.071152932,0.997463062,2329,2075,0.890940318,0.019882966,0.009252549,0.006609071,0.067765587,80.923935538,0.000000000,0.057764237,0.096736078,1.138539041,0.142179110,74.398907511,0,236,230,6,0.101331043,131,0,0,0,0,0,1955,138,6890,15328,5206,0,0,74329
49,1706584510.272913456,1706584510.372736692,1,0,0,1,1.108082246,-0.143402311,0.038554772,-0.003617583,-0.002393097,-0.070936260,0.997471420,2340,2137,0.913247863,0.020058800,0.009410756,0.006743392,0.081227904,75.193037760,0.000000000,0.058972001,0.094023651,1.143865022,0.142367689,74.859754202,0,219,214,5,0.093589744,125,0,0,0,0,0,1994,127,6947,15547,5331,0,0,76323
50,1706584510.372748613,1706584510.472571611,1,0,0,1,1.108772238,-0.145003080,0.036316214,-0.004278725,-0.003431110,-0.070347479,0.997507470,2364,2123,0.898054146,0.020033404,0.008978839,0.006501596,0.070846916,78.100094291,0.000000000,0.060070896,0.082427909,1.141992632,0.140789535,75.235481298,0,231,228,3,0.097715736,121,0,0,0,0,0,2012,121,7007,15778,5452,0,0,78335
51,1706584510.472583055,1706584510.572421074,1,0,0,1,1.111494414,-0.148699295,0.035717195,-0.003306102,-0.003621834,-0.069995165,0.997535277,2353,2108,0.895877603,0.019138086,0.009096329,0.006537410,0.069234542,79.786086185,0.000000000,0.061134786,0.073367450,1.108829737,0.136066445,75.731745088,0,243,237,6,0.103272418,116,0,0,0,0,0,1994,116,7069,16021,5568,0,0,80329
52,1706584510.572432995,1706584510.671058655,1,0,0,1,1.095528535,-0.142256010,0.038992427,-0.003103138,-0.003516387,-0.070004436,0.997535656,2316,2110,0.911053541,0.019105650,0.009551786,0.006643894,0.069622685,80.214480205,0.000000000,0.062037912,0.072426508,1.082820873,0.129383365,76.277144661,0,234,225,9,0.101036269,115,0,0,0,0,0,1967,115,7136,16255,5683,0,0,82296
53,1706584510.673067093,1706584510.772899628,1,0,0,1,1.085364993,-0.145805739,0.044428242,-0.003747086,-0.003217505,-0.069605763,0.997562351,2276,2057,0.903778559,0.020566374,0.009866427,0.006891466,0.061303883,86.124805303,0.000000000,0.062781421,0.063522537,1.035501425,0.121998928,76.827757228,0,238,233,5,0.104569420,110,0,0,0,0,0,1928,110,7197,16493,5793,0,0,84224
54,1706584510.772910118,1706584510.872747898,1,0,0,1,1.081796831,-0.144559563,0.042854839,-0.003845376,-0.003342090,-0.069745026,0.997551841,2326,2113,0.908426483,0.020676306,0.009769257,0.006683696,0.076688785,76.883368247,0.000000000,0.064048900,0.057560585,0.957101113,0.112078824,77.057725233,0,229,224,5,0.098452279,109,0,0,0,0,0,1988,109,7261,16722,5902,0,0,86212
55,1706584510.872760057,1706584510.972577095,1,0,0,1,1.083270974,-0.141413157,0.041627259,-0.003536245,-0.003402673,-0.069891775,0.997542509,2364,2111,0.892978003,0.020530961,0.009718059,0.006940105,0.077179410,78.293810680,0.000000000,0.065042627,0.054941089,0.880609398,0.102063098,77.562747360,0,198,193,5,0.083756345,99,0,0,0,0,0,2067,99,7309,16920,6001,0,0,88279
56,1706584510.972589254,1706584511.072427750,1,0,0,1,1.073957484,-0.138466608,0.040038504,-0.003461640,-0.003351362,-0.069928212,0.997540390,2320,2073,0.893534483,0.019581934,0.009585474,0.006879185,0.073676844,78.571529594,0.000000000,0.066263759,0.044616494,0.782199527,0.094143971,77.727628881,0,199,196,3,0.085775862,104,0,0,0,0,0,2017,104,7354,17119,6105,0,0,90296
57,1706584511.072440386,1706584511.172271490,1,0,0,1,1.068857603,-0.135337177,0.045422901,-0.003209289,-0.003216910,-0.069948556,0.997540251,2322,2069,0.891042205,0.019454581,0.009770393,0.006467959,0.064974164,85.294671083,0.000000000,0.066878926,0.044587211,0.679522833,0.080420470,78.318729204,0,186,180,6,0.080103359,91,0,0,0,0,0,2045,91,7402,17305,6196,0,0,92341
58,1706584511.173082829,1706584511.272895813,1,0,0,1,1.064385458,-0.133664623,0.042330078,-0.003820057,-0.003394774,-0.069982296,0.997535143,2324,2077,0.893717728,0.018840688,0.009122380,0.006568295,0.073653834,76.897791419,0.000000000,0.068279083,0.045029050,0.570512212,0.065618647,78.294587714,0,193,187,6,0.083046472,89,0,0,0,0,0,2042,89,7450,17498,6285,0,0,94383
59,1706584511.272907734,1706584511.372746229,1,0,0,1,1.060777641,-0.133560582,0.039320756,-0.003774162,-0.003384827,-0.069866765,0.997543450,2381,2122,0.891222176,0.020093094,0.009512821,0.006704791,0.076116212,80.841548006,0.000000000,0.069353794,0.044947121,0.465025477,0.050976298,78.710771555,0,188,185,3,0.078958421,115,0,0,0,0,0,2078,115,7496,17686,6400,0,0,96461
60,1706584511.372758389,1706584511.472580194,1,0,0,1,1.065616453,-0.136014864,0.039387816,-0.002913162,-0.003365119,-0.069867099,0.997546379,2388,2141,0.896566164,0.017614583,0.008907891,0.006290087,0.064862823,85.156859182,0.000000000,0.069918568,0.052570352,0.366590017,0.038919376,79.166450792,0,209,206,3,0.087520938,89,0,0,0,0,0,2089,90,7543,17895,6489,0,0,98550
61,1706584511.472591877,1706584511.571712494,1,0,0,1,1.065545016,-0.136401913,0.039470305,-0.003711796,-0.003408637,-0.069834428,0.997545867,2326,2076,0.892519347,0.018267953,0.008824953,0.006332201,0.078564840,75.077062664,0.000000000,0.070641295,0.055196147,0.284456387,0.028170476,79.346746296,0,182,177,5,0.078245916,96,0,0,0,0,0,2046,98,7592,18077,6585,0,0,100596
62,1706584511.572435379,1706584511.672273159,1,0,0,1,1.070190804,-0.139380410,0.038442847,-0.003946894,-0.003600424,-0.069759197,0.997549554,2329,2080,0.893087162,0.018053947,0.009077691,0.006486720,0.061050960,87.327276902,0.000000000,0.070578109,0.057646626,0.219893862,0.020492559,79.968334401,0,172,169,3,0.073851438,85,0,0,0,0,0,2072,85,7642,18249,6670,0,0,102668
63,1706584511.673083067,1706584511.772912025,1,0,0,1,1.061843744,-0.136040521,0.041083627,-0.003271632,-0.003332914,-0.069872712,0.997544983,2364,2152,0.910321489,0.018989978,0.009322936,0.006661778,0.071957948,81.191070204,0.000000000,0.071155466,0.058288430,0.174116853,0.014607144,79.991513599,0,161,156,5,0.068104907,113,0,0,0,0,0,2090,113,7677,18410,6783,0,0,104758
64,1706584511.772923946,1706584511.872084856,1,0,0,1,1.068548033,-0.135655033,0.041417014,-0.003895525,-0.003291010,-0.069889926,0.997541675,2306,2086,0.904596704,0.018493572,0.008966501,0.006215373,0.073515960,77.479611502,0.000000000,0.071337397,0.057135930,0.155088689,0.009194680,79.948521015,0,156,153,3,0.067649610,83,0,0,0,0,0,2067,83,7712,18566,6866,0,0,106825
65,1706584511.872745514,1706584511.970678329,1,0,0,1,1.068365469,-0.135656022,0.042619746,-0.003491260,-0.003227840,-0.069873209,0.997544549,2327,2074,0.891276321,0.017926318,0.008950401,0.006138385,0.069749982,83.184983564,0.000000000,0.071625849,0.050846555,0.135811948,0.006225359,79.986315824,0,165,164,1,0.070906747,85,0,0,0,0,0,2077,85,7748,18731,6951,0,0,108902
66,1706584511.972586632,1706584512.069298267,1,0,0,1,1.075236663,-0.135612094,0.040517409,-0.003527190,-0.003436154,-0.070025031,0.997533081,2334,2113,0.905312768,0.018577019,0.009215729,0.006452844,0.072084047,80.592261913,0.000000000,0.071423452,0.049107005,0.125897524,0.005147401,80.288216496,0,174,172,2,0.074550129,90,0,0,0,0,0,2070,90,7782,18905,7041,0,0,110972
67,1706584512.072429657,1706584512.172257662,1,0,0,1,1.076546784,-0.133946120,0.040655703,-0.003686411,-0.003292544,-0.070067921,0.997529977,2299,2059,0.895606786,0.018904901,0.008804416,0.006283171,0.072509510,79.445792379,0.000000000,0.071329342,0.046737613,0.120551437,0.005061914,80.329003831,0,150,146,4,0.065245759,98,0,0,0,0,0,2051,98,7823,19055,7139,0,0,113023
68,1706584512.173067093,1706584512.272897005,1,0,0,1,1.073488850,-0.135945451,0.037858454,-0.004035561,-0.003459450,-0.069932064,0.997537595,2297,2066,0.899434044,0.019455873,0.009402223,0.006721394,0.081732711,75.108714814,0.000000000,0.072027698,0.046241959,0.115829001,0.004890740,80.038242795,0,140,135,5,0.060949064,78,0,0,0,0,0,2079,78,7856,19195,7217,0,0,115102
69,1706584512.272909641,1706584512.372749805,1,0,0,1,1.075100331,-0.139089250,0.040908062,-0.003639731,-0.003302931,-0.069910317,0.997541172,2298,2051,0.892515231,0.017719344,0.008911346,0.006295080,0.079880651,78.058284127,0.000000000,0.071960335,0.048354152,0.117658756,0.003738976,80.181505113,0,149,145,4,0.064838990,69,0,0,0,0,0,2080,69,7890,19344,7286,0,0,117182
70,1706584512.372761250,1706584512.472599745,1,0,0,1,1.079334030,-0.141372112,0.039867260,-0.004169114,-0.003476497,-0.069882296,0.997540474,2302,2042,0.887054735,0.017751145,0.008784520,0.006030662,0.077304398,76.075353484,0.000000000,0.072283209,0.049623318,0.117950660,0.003099870,80.080268073,0,132,129,3,0.057341442,81,0,0,0,0,0,2089,81,7923,19476,7367,0,0,119271
71,1706584512.472610950,1706584512.572440624,1,0,0,1,1.082709845,-0.141270145,0.041683306,-0.004308267,-0.003368892,-0.069855095,0.997542157,2355,2094,0.889171975,0.019608244,0.009497920,0.006768607,0.084947671,72.616260593,0.000000000,0.073068866,0.050050777,0.104259548,0.003134058,79.721776793,0,132,131,1,0.056050955,92,0,0,0,0,0,2131,92,7952,19608,7459,0,0,121402
72,1706584512.572453022,1706584512.672270536,1,0,0,1,1.083302283,-0.139472308,0.040489402,-0.002992952,-0.003561791,-0.069834946,0.997547711,2386,2136,0.895222129,0.017211655,0.008631609,0.006131292,0.070143292,80.585238523,0.000000000,0.073094896,0.054370329,0.094437430,0.002363576,79.740314709,0,165,162,3,0.069153395,81,0,0,0,0,0,2140,81,7998,19773,7540,0,0,123542
73,1706584512.673079491,1706584512.772718906,1,0,0,1,1.077609081,-0.137947645,0.039802993,-0.003907270,-0.003393406,-0.069927007,0.997538687,2340,2097,0.896153846,0.017222905,0.008808625,0.006253544,0.084373431,71.592822505,0.000000000,0.074248374,0.054312291,0.096277151,0.002264569,79.013715569,0,153,148,5,0.065384615,80,0,0,0,0,0,2104,83,8030,19926,7620,0,0,125646
74,1706584512.772918701,1706584512.872757435,1,0,0,1,1.075091566,-0.139013072,0.037469145,-0.003687520,-0.003627399,-0.069864356,0.997543090,2314,2082,0.899740709,0.016745894,0.008828548,0.006413973,0.068902554,81.068713864,0.000000000,0.073859062,0.054253443,0.096186477,0.002093868,79.222982850,0,166,162,4,0.071737252,62,0,0,0,0,0,2085,63,8072,20092,7682,0,0,127731
75,1706584512.872770071,1706584512.972594738,1,0,0,1,1.074321418,-0.138955963,0.038616201,-0.003516343,-0.003407618,-0.069881782,0.997543262,2292,2073,0.904450262,0.017689067,0.008581445,0.006431504,0.082869904,71.876088912,0.000000000,0.074143587,0.049616363,0.087672436,0.002057457,78.902096762,0,124,122,2,0.054101222,85,0,0,0,0,0,2082,86,8103,20216,7767,0,0,129813
76,1706584512.972606421,1706584513.072430611,1,0,0,1,1.075751609,-0.136298023,0.040329186,-0.004237819,-0.003230570,-0.069943470,0.997536724,2367,2153,0.909590199,0.016816291,0.008691574,0.006035302,0.075682407,78.193263685,0.000000000,0.074243865,0.051153865,0.083093479,0.002133869,78.883183466,0,135,134,1,0.057034221,80,0,0,0,0,0,2152,80,8131,20351,7847,0,0,131965
77,1706584513.072442532,1706584513.171696663,1,0,0,1,1.069136151,-0.136134574,0.040941566,-0.003789990,-0.003264655,-0.069893704,0.997541903,2317,2070,0.893396634,0.017324384,0.008397404,0.005922950,0.070460969,80.802719954,0.000000000,0.074518205,0.050370406,0.084050376,0.002168384,78.658585910,0,130,129,1,0.056107035,89,0,0,0,0,0,2098,89,8158,20481,7936,0,0,134063
78,1706584513.173081160,1706584513.270337820,1,0,0,1,1.067538666,-0.136004666,0.039438581,-0.003717171,-0.003469961,-0.069938946,0.997538313,2299,2081,0.905176164,0.017942496,0.008833705,0.006275859,0.076641726,78.035729157,0.000000000,0.074667600,0.049817040,0.081548325,0.002027141,78.715482797,0,112,107,5,0.048716833,85,0,0,0,0,0,2102,85,8185,20593,8021,0,0,136165
79,1706584513.272921801,1706584513.372763872,1,0,0,1,1.060724411,-0.131333140,0.042000533,-0.003704072,-0.003248188,-0.069953658,0.997538077,2302,2066,0.897480452,0.017313261,0.008819640,0.006330573,0.065289343,86.785902604,0.000000000,0.074126256,0.044266144,0.084772171,0.002051122,79.012700527,0,130,129,1,0.056472632,82,0,0,0,0,0,2090,82,8204,20723,8103,0,0,138255
80,1706584513.372774363,1706584513.472613096,1,0,0,1,1.073219029,-0.138480988,0.040356118,-0.003754660,-0.003470140,-0.069832734,0.997545613,2338,2104,0.899914457,0.018894883,0.009349420,0.006775653,0.083273201,74.863760864,0.000000000,0.075046775,0.045171657,0.098858350,0.002223806,78.498045611,0,123,121,2,0.052609068,85,0,0,0,0,0,2130,85,8230,20846,8188,0,0,140385
81,1706584513.472624779,1706584513.572440624,1,0,0,1,1.076644019,-0.140659076,0.041803886,-0.003977230,-0.003246791,-0.069960969,0.997536517,2353,2106,0.895027624,0.018650848,0.009082681,0.006293065,0.072600940,79.639778958,0.000000000,0.074748580,0.045646493,0.097554301,0.002326945,78.726181425,0,155,154,1,0.065873353,69,0,0,0,0,0,2129,69,8263,21001,8257,0,0,142514
82,1706584513.572452307,1706584513.672275782,1,0,0,1,1.089677816,-0.139926943,0.040161990,-0.003869588,-0.003447880,-0.070076107,0.997528184,2329,2080,0.893087162,0.017155473,0.008398638,0.005947216,0.079497262,73.300058136,0.000000000,0.075670895,0.047064229,0.101341222,0.002323196,78.024820487,0,121,116,5,0.051953628,69,0,0,0,0,0,2139,69,8290,21122,8326,0,0,144653
83,1706584513.673086405,1706584513.772909403,1,0,0,1,1.082463974,-0.141603705,0.040860556,-0.004406189,-0.003288665,-0.069804044,0.997545571,2316,2056,0.887737478,0.019478845,0.009576320,0.006741355,0.085444481,72.699892970,0.000000000,0.076345222,0.048883528,0.102056611,0.002841125,77.600261625,0,118,117,1,0.050949914,75,0,0,0,0,0,2123,75,8317,21240,8401,0,0,146776
84,1706584513.772921085,1706584513.872757912,1,0,0,1,1.075389471,-0.140673790,0.041197199,-0.003555958,-0.003342852,-0.069871656,0.997544050,2370,2113,0.891561181,0.017447778,0.008612901,0.006136551,0.067872619,83.485025232,0.000000000,0.076063055,0.049181204,0.107983396,0.002952059,77.900532312,0,113,112,1,0.047679325,61,0,0,0,0,0,2196,61,8341,21353,8462,0,0,148972
85,1706584513.872769594,1706584513.972603798,1,0,0,1,1.073137469,-0.139013023,0.042176156,-0.003925964,-0.003284819,-0.069906259,0.997540431,2403,2122,0.883062838,0.017636888,0.008877520,0.006322332,0.084185095,75.594193148,0.000000000,0.076784811,0.049405118,0.103762100,0.002716184,77.520992791,0,125,122,3,0.052018310,63,0,0,0,0,0,2214,64,8374,21478,8525,0,0,151186
86,1706584513.972616196,1706584514.072028637,1,0,0,1,1.061766072,-0.133073747,0.041129858,-0.003891971,-0.003358908,-0.069949310,0.997537300,2314,2043,0.882886776,0.016949209,0.008995292,0.006346207,0.063541779,84.832999709,0.000000000,0.076357697,0.050510676,0.114509799,0.002716595,77.733029681,0,101,101,0,0.043647364,74,0,0,0,0,0,2138,75,8390,21579,8599,0,0,153324
87,1706584514.072452784,1706584514.170704365,1,0,0,1,1.056650477,-0.133794446,0.041159679,-0.004005530,-0.003379569,-0.069729867,0.997552144,2278,2044,0.897278314,0.017091815,0.009230402,0.006459730,0.071784544,80.607361052,0.000000000,0.076321449,0.049928906,0.115074597,0.002881568,77.791108115,0,119,113,6,0.052238806,63,0,0,0,0,0,2095,64,8425,21698,8662,0,0,155419
88,1706584514.172702789,1706584514.272514343,1,0,0,1,1.052765101,-0.131294983,0.039900506,-0.003817749,-0.003473091,-0.069909550,0.997539983,2315,2084,0.900215983,0.016541712,0.008654035,0.006082222,0.071547737,80.814827883,0.000000000,0.075812200,0.047805148,0.115196065,0.003202832,78.076413768,0,117,114,3,0.050539957,60,0,0,0,0,0,2137,61,8447,21815,8722,0,0,157556
89,1706584514.272525787,1706584514.372356653,1,0,0,1,1.049763077,-0.131761781,0.036544018,-0.003236529,-0.003604232,-0.069797567,0.997549414,2349,2099,0.893571733,0.016846196,0.008814862,0.006256043,0.069998268,80.767185226,0.000000000,0.075318081,0.048954692,0.114802048,0.003362599,78.211858823,0,118,116,2,0.050234142,67,0,0,0,0,0,2164,67,8474,21933,8789,0,0,159720
90,1706584514.372767925,1706584514.471352816,1,0,0,1,1.054056330,-0.133703808,0.041480061,-0.003503717,-0.003269975,-0.069892375,0.997543025,2323,2087,0.898407232,0.017774301,0.009152148,0.006290234,0.074474822,78.129848230,0.000000000,0.075176602,0.048962615,0.117791473,0.003497676,78.314583560,0,143,141,2,0.061558330,68,0,0,0,0,0,2112,68,8498,22076,8857,0,0,161832
91,1706584514.472613573,1706584514.570000887,1,0,0,1,1.067706829,-0.133767659,0.040340093,-0.004154090,-0.003416816,-0.069992425,0.997533022,2299,2042,0.888212266,0.016885473,0.008792983,0.006134040,0.073410776,78.066617769,0.000000000,0.074599757,0.042580064,0.129251646,0.003660892,78.587101419,0,106,104,2,0.046107003,54,0,0,0,0,0,2139,54,8522,22182,8911,0,0,163971
92,1706584514.572460651,1706584514.668669701,1,0,0,1,1.086125311,-0.141129627,0.042930779,-0.003867713,-0.003281084,-0.069885818,0.997542103,2335,2089,0.894646681,0.017356489,0.009045733,0.006377317,0.071197247,79.233748105,0.000000000,0.074652455,0.042450734,0.143321755,0.003692940,78.519526898,0,136,133,3,0.058244111,53,0,0,0,0,0,2146,53,8544,22318,8964,0,0,166117
93,1706584514.673099995,1706584514.772926569,1,0,0,1,1.094705235,-0.145477636,0.044189057,-0.004233666,-0.003298054,-0.069770448,0.997548637,2350,2083,0.886382979,0.016540052,0.009021311,0.006005651,0.077848025,74.377911732,0.000000000,0.074326185,0.044060106,0.149428032,0.003801566,78.658781359,0,111,110,1,0.047234043,58,0,0,0,0,0,2181,58,8561,22429,9022,0,0,168298
94,1706584514.772938967,1706584514.872777939,1,0,0,1,1.091681235,-0.143327092,0.042174667,-0.003662298,-0.003397015,-0.069817007,0.997547309,2301,2076,0.902216428,0.017174011,0.009223180,0.006231924,0.074265078,79.464207473,0.000000000,0.074594311,0.043194580,0.152267460,0.003860917,78.578556040,0,99,97,2,0.043024772,70,0,0,0,0,0,2132,70,8584,22528,9092,0,0,170430
95,1706584514.872790337,1706584514.972624302,1,0,0,1,1.092634884,-0.142627523,0.040036418,-0.004038920,-0.003259924,-0.069917774,0.997539255,2345,2068,0.881876333,0.017014993,0.008293521,0.005871320,0.077648599,77.239709474,0.000000000,0.074333246,0.043550060,0.151240506,0.003941455,78.846737068,0,102,95,7,0.043496802,59,0,0,0,0,0,2184,59,8604,22630,9151,0,0,172614
96,1706584514.972636938,1706584515.072470427,1,0,0,1,1.088553856,-0.143751095,0.038835051,-0.003824419,-0.003461063,-0.069777314,0.997549258,2358,2082,0.882951654,0.017308894,0.008731361,0.006155218,0.069748306,79.661060345,0.000000000,0.074036541,0.042755683,0.148994811,0.004125933,78.920126901,0,108,106,2,0.045801527,70,0,0,0,0,0,2180,70,8631,22738,9221,0,0,174794
97,1706584515.072482109,1706584515.172313213,1,0,0,1,1.085810245,-0.139896732,0.038868480,-0.004078788,-0.003429305,-0.070034435,0.997530341,2349,2077,0.884206045,0.017653333,0.008779148,0.006341616,0.082523733,75.363337347,0.000000000,0.074639679,0.042733389,0.151528826,0.004549776,78.648157771,0,96,96,0,0.040868455,70,0,0,0,0,0,2183,70,8643,22834,9291,0,0,176977
98,1706584515.172725201,1706584515.272543192,1,0,0,1,1.084473241,-0.140944437,0.039219091,-0.003729664,-0.003459856,-0.069831508,0.997545828,2357,2086,0.885023335,0.017322286,0.008654279,0.006207038,0.074153303,80.603360377,0.000000000,0.074515258,0.042414951,0.144613336,0.004923346,78.776539332,0,102,98,4,0.043275350,61,0,0,0,0,0,2194,61,8664,22936,9352,0,0,179171
99,1706584515.272555113,1706584515.371719360,1,0,0,1,1.072109557,-0.137831685,0.041339427,-0.003702983,-0.003350475,-0.069805581,0.997548116,2317,2079,0.897280967,0.016601025,0.008745249,0.006109095,0.072775698,80.858327372,0.000000000,0.074889576,0.043799208,0.143049637,0.004730352,78.480160570,0,97,93,4,0.041864480,67,0,0,0,0,0,2153,67,8692,23033,9419,0,0,181324
100,1706584515.372392893,1706584515.470332623,1,0,0,1,1.068904895,-0.133337826,0.042225778,-0.003443724,-0.003393609,-0.070001145,0.997535194,2288,2042,0.892482517,0.016216519,0.008525213,0.006090234,0.066675677,81.790668229,0.000000000,0.074059699,0.041989255,0.144330460,0.004867161,78.826505938,0,120,118,2,0.052447552,60,0,0,0,0,0,2107,61,8721,23153,9479,0,0,183431
101,1706584515.473030329,1706584515.572863817,1,0,0,1,1.066216936,-0.133691223,0.040153609,-0.003173411,-0.003554894,-0.069900569,0.997542582,2317,2083,0.899007337,0.017130305,0.008781262,0.006380664,0.075875597,77.131092194,0.000000000,0.074223432,0.038036588,0.134585582,0.004837310,78.701071600,0,93,90,3,0.040138110,60,0,0,0,0,0,2164,60,8736,23246,9539,0,0,185595
102,1706584515.572875500,1706584515.672372341,1,0,0,1,1.066615686,-0.133159679,0.039547722,-0.003800767,-0.003516836,-0.069929842,0.997538472,2325,2088,0.898064516,0.018124290,0.009117581,0.006655148,0.076960152,77.394435078,0.000000000,0.074096577,0.039647010,0.128045804,0.004343233,78.905790447,0,105,104,1,0.045161290,59,0,0,0,0,0,2161,59,8757,23351,9598,0,0,187756
103,1706584515.672708750,1706584515.771015882,1,0,0,1,1.064455623,-0.133963478,0.039433725,-0.004149892,-0.003457008,-0.069956384,0.997535429,2321,2038,0.878069798,0.016630851,0.008609981,0.005980548,0.074269454,79.908254696,0.000000000,0.073537825,0.027399407,0.123210097,0.004252970,79.266208534,0,87,86,1,0.037483843,52,0,0,0,0,0,2182,52,8774,23438,9650,0,0,189938
104,1706584515.772552252,1706584515.869690418,1,0,0,1,1.062541247,-0.135071252,0.040665597,-0.003822808,-0.003334708,-0.069854735,0.997544276,2359,2111,0.894870708,0.018018616,0.008937400,0.006441366,0.082055809,72.184045729,0.000000000,0.074246985,0.029429340,0.122777338,0.004386490,78.701159558,0,86,85,1,0.036456125,62,0,0,0,0,0,2211,62,8792,23524,9712,0,0,192149
105,1706584515.872399092,1706584515.972224236,1,0,0,1,1.055326976,-0.134744437,0.039203707,-0.004311973,-0.003425103,-0.069752273,0.997549145,2343,2092,0.892872386,0.017386684,0.009000484,0.006328474,0.078304324,78.323683561,0.000000000,0.073952946,0.028899564,0.117273876,0.004509982,78.837634079,0,82,81,1,0.034997866,64,0,0,0,0,0,2197,64,8803,23606,9776,0,0,194346
106,1706584515.973034143,1706584516.072875738,1,0,0,1,1.056169579,-0.134503805,0.039395315,-0.003789500,-0.003450016,-0.069786173,0.997548809,2347,2097,0.893481040,0.017704434,0.008576572,0.006215940,0.079078566,77.412580486,0.000000000,0.074729786,0.029623322,0.113004670,0.004140716,78.466613118,0,102,100,2,0.043459736,75,0,0,0,0,0,2170,75,8822,23708,9851,0,0,196516
107,1706584516.072888374,1706584516.172721148,1,0,0,1,1.051912830,-0.131694508,0.037726071,-0.003758308,-0.003431095,-0.069864201,0.997543531,2333,2064,0.884697814,0.017806534,0.008653164,0.006316859,0.076786971,78.172105919,0.000000000,0.074979907,0.030626016,0.113582666,0.003936462,78.344850361,0,117,111,6,0.050150021,56,0,0,0,0,0,2160,56,8841,23825,9907,0,0,198676
108,1706584516.172733545,1706584516.272560120,1,0,0,1,1.054595989,-0.130241754,0.037389982,-0.004067109,-0.003611042,-0.070050259,0.997528636,2317,2055,0.886922745,0.017065572,0.008457754,0.006101344,0.071313973,81.065986310,0.000000000,0.074968219,0.029368484,0.112125065,0.004085165,78.357408283,0,93,90,3,0.040138110,63,0,0,0,0,0,2161,63,8859,23918,9970,0,0,200837
109,1706584516.272571564,1706584516.372397423,1,0,0,1,1.058711912,-0.134295013,0.036621666,-0.004590557,-0.003489575,-0.069857403,0.997540321,2364,2102,0.889170897,0.017001594,0.008607673,0.006089411,0.078620018,75.091093138,0.000000000,0.075399306,0.029079500,0.111128515,0.004285076,78.073603678,0,112,107,5,0.047377327,59,0,0,0,0,0,2193,59,8872,24030,10029,0,0,203030
110,1706584516.372410059,1706584516.472234488,1,0,0,1,1.062183058,-0.136624383,0.038709804,-0.003695908,-0.003518690,-0.069807659,0.997547417,2346,2083,0.887894288,0.016763321,0.008513759,0.006002070,0.072382303,80.741661019,0.000000000,0.075294681,0.028821027,0.102103158,0.004183246,78.204194318,0,85,84,1,0.036231884,55,0,0,0,0,0,2206,55,8891,24115,10084,0,0,205236
111,1706584516.473043919,1706584516.572724342,1,0,0,1,1.065508041,-0.136654893,0.042955629,-0.003898413,-0.003340344,-0.069845788,0.997544591,2325,2065,0.888172043,0.016065782,0.008611238,0.005882037,0.076990801,77.352635705,0.000000000,0.075473682,0.032043933,0.087492299,0.004048500,78.168495215,0,91,89,2,0.039139785,55,0,0,0,0,0,2179,55,8909,24206,10139,0,0,207415
112,1706584516.572899342,1706584516.671346426,1,0,0,1,1.070140875,-0.137028859,0.042754355,-0.003634267,-0.003479543,-0.069865188,0.997543754,2316,2061,0.889896373,0.016474726,0.008373964,0.005866896,0.068486919,81.827292344,0.000000000,0.075338165,0.033082057,0.082443861,0.003854469,78.298172426,0,87,87,0,0.037564767,57,0,0,0,0,0,2171,58,8931,24293,10196,0,0,209586
113,1706584516.672719240,1706584516.772549868,1,0,0,1,1.069107523,-0.137603395,0.041617784,-0.003177497,-0.003354878,-0.069773952,0.997552126,2314,2046,0.884183232,0.016986791,0.009045738,0.006515544,0.066981392,82.460765444,0.000000000,0.074794834,0.032226562,0.079861667,0.003936609,78.702315112,0,81,78,3,0.035004322,55,0,0,0,0,0,2177,56,8942,24374,10251,0,0,211763
114,1706584516.772562027,1706584516.872375488,1,0,0,1,1.063461120,-0.136767479,0.041449154,-0.004268542,-0.003118646,-0.069794621,0.997547375,2352,2091,0.889030612,0.016719558,0.008456830,0.006040753,0.076783342,76.949832011,0.000000000,0.074920747,0.032662847,0.083128549,0.003771713,78.576596339,0,99,99,0,0.042091837,63,0,0,0,0,0,2190,63,8959,24473,10314,0,0,213953
115,1706584516.872387171,1706584516.972056150,1,0,0,1,1.054413263,-0.135326241,0.040100443,-0.003620279,-0.002794298,-0.069575194,0.997566227,2348,2080,0.885860307,0.016559838,0.008641530,0.006155095,0.072592133,81.158290132,0.000000000,0.074667924,0.033416871,0.087989157,0.003924007,78.772525372,0,71,67,4,0.030238501,62,0,0,0,0,0,2215,62,8969,24544,10376,0,0,216168
116,1706584516.973016262,1706584517.070722103,1,0,0,1,1.052130208,-0.133280315,0.041730313,-0.003734313,-0.002223992,-0.069116930,0.997599097,2337,2075,0.887890458,0.017365834,0.008618608,0.006132028,0.075430014,78.532281239,0.000000000,0.074952009,0.033486836,0.086729895,0.004325978,78.716086417,0,76,75,1,0.032520325,53,0,0,0,0,0,2208,53,8991,24620,10429,0,0,218376
117,1706584517.072854280,1706584517.169418812,1,0,0,1,1.031554336,-0.129952908,0.041122206,-0.003608275,-0.002448239,-0.068528087,0.997639658,2268,2008,0.885361552,0.016713382,0.008811386,0.006306082,0.081818933,73.844260865,0.000000000,0.074916769,0.032961053,0.105847529,0.005102759,78.640132592,0,102,102,0,0.044973545,54,0,0,0,0,0,2112,54,9008,24722,10483,0,0,220488
118,1706584517.172701597,1706584517.272531748,1,0,0,1,1.011929109,-0.125441920,0.041120960,-0.002593951,-0.000900349,-0.067150279,0.997739095,2319,2066,0.890901251,0.016911536,0.008665700,0.006222359,0.082615635,72.968119064,0.000000000,0.075339886,0.032797484,0.113059907,0.007801356,78.258370527,0,82,81,1,0.035360069,62,0,0,0,0,0,2175,62,9025,24804,10545,0,0,222663
119,1706584517.272544146,1706584517.372359991,1,0,0,1,0.995498605,-0.119385717,0.043730645,-0.002586700,0.000326661,-0.065467914,0.997851269,2347,2091,0.890924585,0.016793351,0.008552450,0.006200681,0.075533465,74.482899434,0.000000000,0.075477774,0.032453362,0.125174220,0.010773624,77.939599130,0,100,98,2,0.042607584,48,0,0,0,0,0,2199,48,9044,24904,10593,0,0,224862
120,1706584517.372771502,1706584517.472612143,1,0,0,1,0.968009724,-0.115836843,0.042760599,-0.003060395,0.002738361,-0.063673651,0.997962325,2267,2023,0.892368769,0.017232031,0.009005917,0.006207657,0.069946693,77.592779942,0.000000000,0.075641325,0.030567978,0.149495893,0.014152966,77.729704716,0,95,93,2,0.041905602,48,0,0,0,0,0,2124,48,9053,24999,10641,0,0,226986
121,1706584517.472623110,1706584517.572433710,1,0,0,1,0.941969023,-0.108962295,0.043361277,-0.003818453,0.003885122,-0.062584305,0.998024814,2242,2001,0.892506690,0.017343304,0.009108500,0.006326917,0.069469153,74.666834872,0.000000000,0.075321002,0.030737946,0.175536180,0.016267912,77.606491849,0,74,72,2,0.033006244,40,0,0,0,0,0,2128,40,9063,25073,10681,0,0,229114
122,1706584517.572445393,1706584517.672270060,1,0,0,1,0.909818564,-0.103408811,0.042189704,-0.003073462,0.005364214,-0.060685622,0.998137783,2228,1994,0.894973070,0.016920199,0.008721650,0.006166763,0.072155214,75.707368772,0.000000000,0.075080756,0.027507571,0.205876193,0.020015482,77.522138534,0,109,108,1,0.048922801,48,0,0,0,0,0,2071,48,9082,25182,10729,0,0,231185
123,1706584517.673081160,1706584517.772907019,1,0,0,1,0.876133512,-0.095103885,0.042999551,-0.004608878,0.006709726,-0.058085072,0.998278449,2227,1988,0.892680736,0.016433163,0.008698749,0.006240620,0.069759094,78.187994144,0.000000000,0.074855238,0.028120371,0.238047667,0.024994500,77.436125507,0,82,79,3,0.036820835,44,0,0,0,0,0,2101,44,9091,25264,10773,0,0,233286
124,1706584517.772918224,1706584517.872540474,1,0,0,1,0.843374723,-0.086708019,0.045105919,-0.006175891,0.007269506,-0.055691842,0.998402440,2107,1866,0.885619364,0.015312355,0.008499111,0.006083277,0.065032872,76.254053853,0.000000000,0.074004091,0.032705494,0.264562634,0.029551243,77.639625913,0,89,87,2,0.042240152,45,0,0,0,0,0,1973,45,9097,25353,10818,0,0,235259
125,1706584517.872764826,1706584517.971197367,1,0,0,1,0.803447184,-0.081398487,0.043041861,-0.005434900,0.008187293,-0.052571453,0.998568812,2121,1907,0.899104196,0.015784017,0.008079690,0.005641066,0.063415369,73.640720532,0.000000000,0.073259643,0.034976300,0.303997512,0.035727953,77.405477761,0,75,73,2,0.035360679,38,0,0,0,0,0,2006,40,9108,25428,10856,0,0,237265
126,1706584517.972595930,1706584518.072428703,1,0,0,1,0.764342495,-0.072727394,0.040914609,-0.005569470,0.008490294,-0.050153576,0.998689899,2128,1912,0.898496241,0.016145911,0.008798119,0.006169235,0.071524916,75.553503491,0.000000000,0.072881960,0.033794618,0.338742062,0.040407449,77.312523912,0,73,73,0,0.034304511,43,0,0,0,0,0,2012,43,9120,25501,10899,0,0,239277
127,1706584518.072440863,1706584518.172272921,1,0,0,1,0.732507196,-0.068009883,0.043877989,-0.004644522,0.007688497,-0.047653682,0.998823529,2206,1965,0.890752493,0.015966306,0.008805657,0.005732799,0.064258064,74.306182761,0.000000000,0.072255515,0.031832781,0.367991484,0.045068518,77.119227754,0,90,88,2,0.040797824,44,0,0,0,0,0,2070,46,9130,25591,10943,0,0,241347
128,1706584518.173084259,1706584518.271692753,1,0,0,1,0.687377240,-0.062933064,0.044320630,-0.004679522,0.006594782,-0.045221473,0.998944257,2114,1872,0.885525071,0.016891885,0.008782252,0.006324596,0.070801990,69.873762455,0.000000000,0.072229916,0.031496862,0.407580729,0.049560533,76.559616561,0,72,67,5,0.034058657,44,0,0,0,0,0,1996,46,9146,25663,10987,0,0,243343
129,1706584518.272929430,1706584518.370380878,1,0,0,1,0.655131002,-0.060027092,0.046280910,-0.004157628,0.006190306,-0.043286994,0.999034849,2093,1859,0.888198758,0.016656614,0.009099529,0.006356509,0.069729964,70.860379562,0.000000000,0.071785413,0.031092907,0.435344123,0.053350951,76.348080882,0,83,80,3,0.039655996,39,0,0,0,0,0,1970,40,9161,25746,11026,0,0,245313
130,1706584518.372791290,1706584518.469096899,1,0,0,1,0.629695688,-0.055509311,0.041368117,-0.003079633,0.005490319,-0.040782770,0.999148206,2076,1817,0.875240848,0.015401008,0.008455618,0.005933747,0.057506299,74.433189958,0.000000000,0.071041613,0.034883122,0.456247623,0.058306292,76.032657329,0,70,66,4,0.033718690,33,0,0,0,0,0,1973,33,9174,25816,11059,0,0,247286
131,1706584518.472628832,1706584518.572457790,1,0,0,1,0.606742908,-0.052260438,0.042449242,-0.004428834,0.006564644,-0.038164201,0.999240104,2072,1878,0.906370656,0.015963523,0.008811362,0.006129853,0.066362866,66.089794368,0.000000000,0.070510216,0.035169932,0.474802132,0.063482374,75.469515262,0,62,62,0,0.029922780,34,0,0,0,0,0,1976,34,9183,25878,11093,0,0,249262
132,1706584518.572469234,1706584518.672293663,1,0,0,1,0.577025690,-0.045613997,0.044620991,-0.006950583,0.005948480,-0.036528235,0.999290745,2080,1850,0.889423077,0.015606529,0.008651743,0.006072357,0.062303593,68.999558821,0.000000000,0.070201050,0.037315623,0.503690854,0.066555217,74.828128586,0,69,67,2,0.033173077,37,0,0,0,0,0,1974,37,9194,25947,11130,0,0,251236
133,1706584518.672704935,1706584518.772530079,1,0,0,1,0.544306687,-0.042307468,0.043047685,-0.005651174,0.005537755,-0.034586802,0.999370377,2076,1861,0.896435453,0.015557899,0.008487057,0.006125075,0.060598978,68.482455871,0.000000000,0.069881929,0.038712172,0.530903688,0.070425304,74.129213107,0,60,58,2,0.028901734,14,0,0,0,0,0,2002,14,9199,26007,11144,0,0,253238
134,1706584518.772541523,1706584518.872358561,1,0,0,1,0.508168381,-0.037470677,0.042928735,-0.005565687,0.004903714,-0.033120357,0.999423843,2035,1800,0.884520885,0.016524383,0.009105641,0.006520123,0.056668308,72.599105773,0.000000000,0.068876178,0.038535328,0.558103767,0.072934922,73.911676796,0,68,68,0,0.033415233,26,0,0,0,0,0,1941,26,9207,26075,11170,0,0,255179
135,1706584518.872770309,1706584518.972605944,1,0,0,1,0.480408661,-0.028424053,0.044941914,-0.005419520,0.004773881,-0.031193728,0.999487264,2007,1802,0.897857499,0.016299436,0.008547392,0.006042709,0.064297364,70.259521449,0.000000000,0.068461439,0.038525715,0.583897749,0.075877332,73.366738361,0,68,66,2,0.033881415,38,0,0,0,0,0,1901,38,9216,26143,11208,0,0,257080
136,1706584518.972617149,1706584519.072441816,1,0,0,1,0.448330497,-0.019847852,0.046231358,-0.006991583,0.003990668,-0.028801336,0.999552738,2024,1785,0.881916996,0.016500385,0.009052702,0.006316343,0.066636064,72.273629094,0.000000000,0.068021742,0.036188160,0.596275544,0.079480197,73.053805754,0,80,78,2,0.039525692,35,0,0,0,0,0,1909,35,9225,26223,11243,0,0,258989
137,1706584519.072453499,1706584519.172262192,1,0,0,1,0.416868966,-0.019288292,0.045895087,-0.004340850,0.004678901,-0.025397339,0.999657061,1986,1778,0.895266868,0.015456280,0.008752501,0.005984076,0.069705893,65.476000897,0.000000000,0.067416090,0.037808667,0.607606852,0.083554880,72.635392756,0,66,63,3,0.033232628,30,0,0,0,0,0,1890,30,9235,26289,11273,0,0,260879
138,1706584519.173084259,1706584519.272915125,1,0,0,1,0.386190568,-0.020396102,0.043790110,-0.002059593,0.003579962,-0.021991552,0.999749625,2002,1793,0.895604396,0.015252935,0.008615685,0.005820954,0.057540463,72.079644198,0.000000000,0.066162331,0.039320277,0.620672824,0.087028668,72.590969012,0,80,78,2,0.039960040,26,0,0,0,0,0,1896,26,9236,26369,11299,0,0,262775
139,1706584519.272928476,1706584519.372745275,1,0,0,1,0.348008480,-0.015027957,0.046421834,-0.005423271,0.001412849,-0.020095850,0.999782351,2023,1809,0.894216510,0.015802733,0.008745046,0.006056599,0.064636363,66.661626105,0.000000000,0.065617476,0.038855382,0.631586149,0.087241726,72.199905346,0,65,60,5,0.032130499,32,0,0,0,0,0,1923,35,9248,26434,11331,0,0,264698
140,1706584519.372757435,1706584519.472594023,1,0,0,1,0.326562076,-0.007879732,0.046237228,-0.010525696,-0.000976692,-0.019313999,0.999757583,1978,1767,0.893326593,0.014753974,0.007771539,0.005488196,0.062388709,69.702997471,0.000000000,0.065239577,0.040339822,0.627253685,0.086674057,71.805416222,0,49,48,1,0.024772497,27,0,0,0,0,0,1902,27,9253,26483,11358,0,0,266600
141,1706584519.472604990,1706584519.571445465,1,0,0,1,0.315381495,-0.008471449,0.047462091,-0.009753036,-0.000905063,-0.017838296,0.999792906,2001,1808,0.903548226,0.015989182,0.008398334,0.006003040,0.053930577,77.014137068,0.000000000,0.064462648,0.035836119,0.605869114,0.085824073,71.922781332,0,56,53,3,0.027986007,34,0,0,0,0,0,1910,35,9264,26539,11392,0,0,268510
142,1706584519.572431326,1706584519.670179367,1,0,0,1,0.317229745,-0.008552052,0.047088038,-0.009740028,-0.000538535,-0.017319422,0.999802420,2016,1783,0.884424603,0.015142992,0.008297149,0.005790867,0.068170326,64.508049797,0.000000000,0.064263404,0.034892070,0.573053381,0.081675153,71.362815383,0,44,43,1,0.021825397,31,0,0,0,0,0,1941,31,9270,26583,11423,0,0,270451
143,1706584519.673084497,1706584519.772907495,1,0,0,1,0.315840548,-0.005837611,0.049517993,-0.009837245,-0.000213576,-0.017152688,0.999804465,2026,1838,0.907206318,0.014961733,0.007951335,0.005561188,0.066079553,67.711734980,0.000000000,0.064079427,0.036195085,0.543069333,0.077236094,70.839002425,0,47,47,0,0.023198421,25,0,0,0,0,0,1954,25,9271,26630,11448,0,0,272405
144,1706584519.772919416,1706584519.872759819,1,0,0,1,0.323688291,-0.004731370,0.050155975,-0.009542473,0.000016041,-0.017462853,0.999801975,2021,1791,0.886194953,0.014810544,0.008299431,0.005762814,0.061333800,67.084416939,0.000000000,0.063894473,0.038214963,0.510688428,0.071612727,70.380520580,0,58,58,0,0.028698664,28,0,0,0,0,0,1935,28,9280,26688,11476,0,0,274340
145,1706584519.872771502,1706584519.972590685,1,0,0,1,0.327163134,-0.005105062,0.051243612,-0.009646830,0.000189022,-0.017663850,0.999797425,2012,1807,0.898111332,0.014988314,0.008120950,0.005620375,0.059438674,69.753204792,0.000000000,0.063695638,0.039822847,0.474237670,0.067181791,70.186144793,0,46,46,0,0.022862823,37,0,0,0,0,0,1929,37,9284,26734,11513,0,0,276269
146,1706584519.972601652,1706584520.072427511,1,0,0,1,0.328690927,-0.005664481,0.050951722,-0.009356148,0.000274552,-0.017861459,0.999796657,1964,1763,0.897657841,0.015279073,0.008645371,0.005956913,0.058803073,63.672505574,0.000000000,0.063059546,0.039930493,0.443571558,0.062547988,69.592094897,0,40,40,0,0.020366599,28,0,0,0,0,0,1896,28,9286,26774,11541,0,0,278165
147,1706584520.072438717,1706584520.172268629,1,0,0,1,0.322454608,-0.006392712,0.048550967,-0.009688576,-0.000020886,-0.017897461,0.999792885,1990,1774,0.891457286,0.015487297,0.007993402,0.005579671,0.062151850,65.616731386,0.000000000,0.062954235,0.039873040,0.404876813,0.057732530,69.157622328,0,64,64,0,0.032160804,33,0,0,0,0,0,1893,33,9288,26838,11574,0,0,280058
148,1706584520.173080206,1706584520.272909880,1,0,0,1,0.325035081,-0.008379044,0.047798867,-0.010024759,0.000115931,-0.017959863,0.999788445,1989,1768,0.888888889,0.015191745,0.007877857,0.005665058,0.055763709,72.454817314,0.000000000,0.062202321,0.036256676,0.375782767,0.053976333,69.286675071,0,52,51,1,0.026143791,30,0,0,0,0,0,1907,30,9295,26890,11604,0,0,281965
149,1706584520.272922277,1706584520.372743607,1,0,0,1,0.325087049,-0.008106924,0.046403045,-0.009600299,-0.000080687,-0.017895692,0.999793765,2012,1796,0.892644135,0.016403061,0.008751392,0.006239923,0.065228133,68.073105419,0.000000000,0.061977230,0.034882709,0.350909408,0.049077023,69.147311364,0,54,54,0,0.026838966,34,0,0,0,0,0,1924,34,9300,26944,11638,0,0,283889
150,1706584520.372755051,1706584520.472129583,1,0,0,1,0.324688481,-0.007649186,0.044646007,-0.009513348,-0.000025196,-0.018001673,0.999792696,2004,1794,0.895209581,0.014616289,0.007894026,0.005518974,0.060263700,69.866620901,0.000000000,0.062115100,0.037400473,0.329561555,0.044074046,68.918982911,0,49,48,1,0.024451098,18,0,0,0,0,0,1936,19,9304,26993,11656,0,0,285825
151,1706584520.472577810,1706584520.572415113,1,0,0,1,0.326826725,-0.007570824,0.046316026,-0.009303680,0.000039096,-0.017942101,0.999795740,1994,1785,0.895185557,0.015496742,0.008044961,0.005773536,0.053205875,73.435932860,0.000000000,0.061457250,0.036902265,0.301747060,0.040940133,69.286289835,0,40,39,1,0.020060181,29,0,0,0,0,0,1925,29,9307,27033,11685,0,0,287750
152,1706584520.572427988,1706584520.672247648,1,0,0,1,0.330957799,-0.007457661,0.046738528,-0.009470901,0.000086274,-0.017938193,0.999794237,2020,1820,0.900990099,0.015147230,0.008010218,0.005655018,0.053819940,76.033539435,0.000000000,0.061033068,0.037260877,0.272977956,0.037041707,69.637988866,0,53,52,1,0.026237624,24,0,0,0,0,0,1941,26,9310,27086,11709,0,0,289691
153,1706584520.673057079,1706584520.772472143,1,0,0,1,0.340187325,-0.009525221,0.048624141,-0.009676620,0.000117946,-0.018072690,0.999789841,1993,1791,0.898645258,0.015208520,0.008268990,0.005935050,0.058514454,67.610316307,0.000000000,0.060928841,0.037481034,0.246161615,0.034368048,69.594381888,0,61,55,6,0.030607125,27,0,0,0,0,0,1905,27,9326,27147,11736,0,0,291596
154,1706584520.772907734,1706584520.871189356,1,0,0,1,0.336088116,-0.010130431,0.052038911,-0.009438504,0.000393536,-0.017955055,0.999794167,2024,1802,0.890316206,0.015110837,0.008667825,0.005970794,0.066230697,66.058866907,0.000000000,0.061406961,0.034449368,0.222265054,0.030739892,69.267369945,0,71,70,1,0.035079051,29,0,0,0,0,0,1922,31,9336,27218,11765,0,0,293518
155,1706584520.872749567,1706584520.969927549,1,0,0,1,0.331315686,-0.009851088,0.051637232,-0.009801216,0.000188436,-0.017848746,0.999792640,2014,1818,0.902681231,0.015830208,0.008229068,0.005676012,0.057224980,73.243426998,0.000000000,0.061053342,0.032481224,0.193832655,0.026172275,69.416565222,0,50,49,1,0.024826216,30,0,0,0,0,0,1934,30,9341,27268,11795,0,0,295452
156,1706584520.972587824,1706584521.072416544,1,0,0,1,0.332370055,-0.009511546,0.050180218,-0.009699361,0.000147136,-0.017994904,0.999791020,1998,1774,0.887887888,0.015068927,0.008113833,0.005658115,0.062105637,66.577980469,0.000000000,0.060826820,0.028113977,0.164194618,0.019639399,69.131782791,0,41,41,0,0.020520521,34,0,0,0,0,0,1921,36,9343,27309,11829,0,0,297373
157,1706584521.072429419,1706584521.172262430,1,0,0,1,0.327707827,-0.006279571,0.050736862,-0.009828056,0.000234542,-0.017997993,0.999789691,2031,1827,0.899556869,0.014520134,0.008151791,0.005572069,0.057813847,71.001679753,0.000000000,0.060232218,0.030187180,0.139124305,0.012807524,69.408066734,0,35,35,0,0.017232890,21,0,0,0,0,0,1975,21,9344,27344,11850,0,0,299348
158,1706584521.173073053,1706584521.272905588,1,0,0,1,0.319311271,-0.005368813,0.048049203,-0.009881743,0.000062430,-0.017899296,0.999790959,1986,1782,0.897280967,0.015286660,0.008601659,0.005997851,0.058259095,67.466695764,0.000000000,0.060268150,0.030187643,0.109340126,0.009215447,69.177419312,0,52,52,0,0.026183283,24,0,0,0,0,0,1910,24,9350,27396,11874,0,0,301258
159,1706584521.272917747,1706584521.372740507,1,0,0,1,0.315656813,-0.003087988,0.047822633,-0.010002301,0.000159725,-0.018074065,0.999786606,1947,1725,0.885978428,0.015274925,0.007887317,0.005547814,0.062979707,67.608381275,0.000000000,0.060185317,0.029100000,0.091046824,0.007965466,69.224757070,0,39,39,0,0.020030817,29,0,0,0,0,0,1879,29,9352,27435,11903,0,0,303137
160,1706584521.372751951,1706584521.472589254,1,0,0,1,0.311931726,-0.003655564,0.046764670,-0.009731369,0.000122857,-0.017970127,0.999791158,1976,1774,0.897773279,0.015163888,0.008466072,0.005925678,0.055158863,75.323353424,0.000000000,0.059823825,0.028199682,0.083697578,0.005225493,69.505774868,0,49,49,0,0.024797571,27,0,0,0,0,0,1900,27,9360,27484,11930,0,0,305037
161,1706584521.472600222,1706584521.572429895,1,0,0,1,0.306603916,-0.003369157,0.044299759,-0.009504848,-0.000149875,-0.017866708,0.999795187,1996,1782,0.892785571,0.015944601,0.008104262,0.005889021,0.059178085,72.829147165,0.000000000,0.060086200,0.027958251,0.087687496,0.004406788,69.296525373,0,53,53,0,0.026553106,42,0,0,0,0,0,1901,42,9368,27537,11972,0,0,306938
162,1706584521.572440624,1706584521.672255993,1,0,0,1,0.305201860,-0.002330156,0.041305262,-0.009825401,-0.000045557,-0.018025124,0.999789255,2083,1858,0.891982717,0.015233112,0.008102700,0.005444881,0.055814362,78.906452643,0.000000000,0.059468402,0.027907757,0.087254304,0.004398236,70.016445515,0,35,34,1,0.016802688,29,0,0,0,0,0,2019,29,9374,27572,12001,0,0,308957
163,1706584521.673066378,1706584521.771875143,1,0,0,1,0.307095829,-0.003480936,0.044375724,-0.009430055,0.000038315,-0.017872482,0.999795803,2015,1813,0.899751861,0.015681250,0.008462998,0.005952653,0.060620820,68.689074812,0.000000000,0.059195465,0.028129830,0.083090045,0.004076806,70.065312507,0,46,43,3,0.022828784,39,0,0,0,0,0,1930,39,9380,27618,12040,0,0,310887
164,1706584521.772899151,1706584521.872725964,1,0,0,1,0.316084979,-0.003147564,0.048589260,-0.009709459,0.000257368,-0.018067914,0.999789583,1966,1746,0.888097660,0.014983267,0.008270568,0.005713176,0.062803759,72.452574265,0.000000000,0.059268963,0.027591011,0.089363105,0.004066550,70.333720373,0,36,36,0,0.018311292,25,0,0,0,0,0,1905,25,9383,27654,12065,0,0,312792
165,1706584521.872737408,1706584521.972566128,1,0,0,1,0.323035399,-0.004467312,0.048645158,-0.009400398,0.000050668,-0.018040351,0.999793066,2047,1834,0.895945286,0.015733517,0.008563653,0.005896212,0.051605256,73.259738232,0.000000000,0.058877292,0.027790317,0.094784967,0.003728768,70.509047045,0,46,46,0,0.022471910,36,0,0,0,0,0,1965,36,9386,27700,12101,0,0,314757
166,1706584521.972578049,1706584522.072222948,1,0,0,1,0.328336706,-0.005430414,0.048095673,-0.009501379,0.000097684,-0.018007682,0.999792697,1999,1774,0.887443722,0.014742943,0.008100382,0.005691925,0.059074314,72.088268183,0.000000000,0.058890854,0.029079914,0.093478970,0.003726888,70.929835176,0,46,45,1,0.023011506,29,0,0,0,0,0,1924,29,9390,27746,12130,0,0,316681
167,1706584522.072409630,1706584522.170961380,1,0,0,1,0.327744939,-0.008773177,0.046383668,-0.008996899,-0.000021571,-0.017877074,0.999799713,1996,1786,0.894789579,0.015178990,0.007896945,0.005542931,0.059046086,67.396674320,0.000000000,0.058735566,0.029030772,0.093938816,0.003862786,71.018832322,0,44,44,0,0.022044088,31,0,0,0,0,0,1921,31,9396,27790,12161,0,0,318602
168,1706584522.173043728,1706584522.269734621,1,0,0,1,0.326714562,-0.009425473,0.046615597,-0.009896570,0.000185643,-0.018080260,0.999787541,1983,1768,0.891578417,0.015414188,0.008405493,0.006101919,0.060641888,65.469210661,0.000000000,0.058979475,0.029020415,0.093757119,0.004140884,70.669551990,0,38,37,1,0.019162885,23,0,0,0,0,0,1922,23,9400,27828,12184,0,0,320524
169,1706584522.272891998,1706584522.372725248,1,0,0,1,0.319031063,-0.005986188,0.048492889,-0.009204081,0.000040181,-0.017993445,0.999795739,1985,1780,0.896725441,0.014376320,0.007768174,0.005305844,0.062407130,66.620113282,0.000000000,0.058838425,0.027056560,0.100523113,0.004104146,70.596902383,0,42,42,0,0.021158690,20,0,0,0,0,0,1922,21,9403,27870,12204,0,0,322446
170,1706584522.372736931,1706584522.472572327,1,0,0,1,0.320268221,-0.005897453,0.047358633,-0.010308650,0.000110120,-0.017986487,0.999785080,1992,1774,0.890562249,0.014369996,0.008191865,0.005746135,0.057019148,66.713080637,0.000000000,0.058676197,0.028427504,0.099489621,0.003999039,70.439225370,0,44,42,2,0.022088353,25,0,0,0,0,0,1923,25,9411,27914,12229,0,0,324369
171,1706584522.472584009,1706584522.572416306,1,0,0,1,0.314178862,-0.005460220,0.050308496,-0.010453042,0.000275529,-0.017845961,0.999786067,2017,1792,0.888448190,0.015769522,0.008599335,0.005790991,0.062374261,69.934634049,0.000000000,0.059134616,0.029298008,0.102115807,0.004269717,70.264160429,0,44,41,3,0.021814576,23,0,0,0,0,0,1950,23,9418,27958,12252,0,0,326319
172,1706584522.572427273,1706584522.672253847,1,0,0,1,0.309416431,-0.001783709,0.049736167,-0.010372241,0.000251615,-0.018059892,0.999783073,2000,1784,0.892000000,0.014694595,0.008547278,0.005948065,0.058103765,70.222736998,0.000000000,0.059348808,0.030231125,0.098515000,0.004427510,69.973620307,0,36,36,0,0.018000000,30,0,0,0,0,0,1934,30,9422,27994,12282,0,0,328253
173,1706584522.673061848,1706584522.772892237,1,0,0,1,0.309352004,0.000588183,0.046749628,-0.010043622,0.000118445,-0.018092638,0.999785861,1977,1747,0.883662114,0.015223618,0.008572388,0.005934258,0.066544711,64.983930336,0.000000000,0.059750320,0.030233563,0.096959974,0.004260225,69.842301009,0,44,43,1,0.022255943,32,0,0,0,0,0,1901,32,9430,28038,12314,0,0,330154
174,1706584522.772903919,1706584522.872734308,1,0,0,1,0.321995998,-0.003292602,0.045202645,-0.009691062,0.000009499,-0.018071014,0.999789739,2041,1804,0.883880451,0.015234504,0.007816171,0.005437966,0.062925736,70.599605731,0.000000000,0.059585072,0.030211940,0.105478844,0.004089042,70.069337950,0,41,41,0,0.020088192,30,0,0,0,0,0,1970,30,9439,28079,12344,0,0,332124
175,1706584522.872745991,1706584522.972578764,1,0,0,1,0.325136517,-0.007307669,0.046586842,-0.009477110,0.000039588,-0.017994763,0.999793164,1998,1778,0.889889890,0.015949624,0.008287583,0.006051222,0.061657184,66.773590230,0.000000000,0.059806683,0.030794419,0.108930588,0.003949380,69.745846111,0,44,44,0,0.022022022,33,0,0,0,0,0,1921,33,9443,28123,12377,0,0,334045
176,1706584522.972591162,1706584523.071733475,1,0,0,1,0.330114698,-0.009888483,0.047103343,-0.009871901,0.000119795,-0.017947370,0.999790190,1982,1738,0.876892028,0.015467269,0.007818980,0.005623156,0.061578094,72.324267498,0.000000000,0.059780306,0.030938008,0.108861556,0.004034809,70.033160463,0,28,27,1,0.014127144,24,0,0,0,0,0,1930,24,9448,28151,12401,0,0,335975
177,1706584523.072432995,1706584523.172264099,1,0,0,1,0.328907994,-0.010225566,0.048250904,-0.009896321,0.000183480,-0.017933371,0.999790190,2013,1800,0.894187779,0.015917771,0.008449486,0.006125157,0.056866023,71.444212453,0.000000000,0.059732914,0.030521947,0.101697438,0.003860740,70.055287098,0,48,48,0,0.023845007,39,0,0,0,0,0,1926,39,9451,28199,12440,0,0,337901
178,1706584523.173077106,1706584523.272900343,1,0,0,1,0.328321670,-0.008479319,0.047168505,-0.009769230,0.000156437,-0.017956652,0.999791026,2024,1800,0.889328063,0.014586934,0.008439890,0.006159728,0.060956903,71.581805912,0.000000000,0.059867805,0.032163899,0.099520199,0.003555281,70.261042605,0,42,42,0,0.020750988,17,0,0,0,0,0,1965,17,9456,28241,12457,0,0,339866
179,1706584523.272912025,1706584523.372009993,1,0,0,1,0.326450728,-0.007314522,0.044130917,-0.009552001,-0.000176624,-0.017853145,0.999794976,1987,1798,0.904881731,0.015193830,0.007905932,0.005498423,0.057344017,72.853633264,0.000000000,0.059586020,0.032178224,0.099359297,0.003560062,70.523305205,0,41,41,0,0.020634122,35,0,0,0,0,0,1911,35,9460,28282,12492,0,0,341777
180,1706584523.372772932,1706584523.470792055,1,0,0,1,0.327408731,-0.005968886,0.045676825,-0.009722483,0.000059548,-0.018030310,0.999790167,1975,1759,0.890632911,0.014647009,0.008472675,0.005824532,0.058397102,67.830677115,0.000000000,0.059747932,0.033337927,0.095744310,0.003706883,70.148671389,0,39,38,1,0.019746835,24,0,0,0,0,0,1912,24,9462,28321,12516,0,0,343689
181,1706584523.472627401,1706584523.569623470,1,0,0,1,0.325437917,-0.005266169,0.049544201,-0.009169828,0.000199309,-0.017954201,0.999796740,1944,1768,0.909465021,0.014669550,0.007805902,0.005546231,0.059357295,67.686519649,0.000000000,0.059756893,0.032452296,0.096675538,0.003537725,69.891540013,0,23,21,2,0.011831276,28,0,0,0,0,0,1893,28,9468,28344,12544,0,0,345582
182,1706584523.572454691,1706584523.672280073,1,0,0,1,0.326714944,-0.007495518,0.050962909,-0.009936188,0.000241109,-0.018015158,0.999788312,1978,1753,0.886248736,0.015584377,0.008204370,0.005873195,0.057633484,63.838433918,0.000000000,0.059847849,0.032990093,0.095823712,0.003356962,69.138139077,0,47,46,1,0.023761375,32,0,0,0,0,0,1899,32,9472,28391,12576,0,0,347481
183,1706584523.673091173,1706584523.772922516,1,0,0,1,0.318566537,-0.008490259,0.053442875,-0.009529231,0.000435972,-0.017832435,0.999795483,1998,1759,0.880380380,0.015299360,0.008345838,0.005672261,0.062179799,67.190138786,0.000000000,0.059925798,0.032192871,0.094465771,0.003323698,69.063192276,0,37,37,0,0.018518519,33,0,0,0,0,0,1928,33,9475,28428,12609,0,0,349409
184,1706584523.772933960,1706584523.872749805,1,0,0,1,0.312025411,-0.007763782,0.050339453,-0.009530531,0.000086443,-0.017823458,0.999795722,2004,1792,0.894211577,0.015100650,0.008829396,0.006098735,0.054179571,76.536033421,0.000000000,0.059494588,0.032090711,0.094667298,0.003289252,69.267365234,0,47,46,1,0.023453094,16,0,0,0,0,0,1941,16,9481,28475,12625,0,0,351350
185,1706584523.872761965,1706584523.972596169,1,0,0,1,0.304055348,-0.005447144,0.050046932,-0.009713359,0.000222783,-0.017817503,0.999794048,1994,1785,0.895185557,0.015129729,0.008267808,0.005954956,0.067612548,66.284434364,0.000000000,0.060294953,0.030946406,0.097556346,0.003234068,68.918600040,0,38,37,1,0.019057172,33,0,0,0,0,0,1923,33,9482,28513,12658,0,0,353273
