sequence,method,run,file,ate_rmse_m,rows,first_stamp,last_stamp,max_gap_s,adaptive_values,core_revision,manifest,degenerate_sum,window_ready_sum,quality_rejected_sum,invalid_quality_rejected_sum,direction_rejected_sum,persistent_quota_rejected_sum,novel_accepted_sum,novel_rejected_sum
geode_offroad1,ours_off,run01,runtime.csv,0.083145,4046,1709436655.492895603,1709437059.993190050,0.10534286499023438,0,fastlio2_internal_v1,experiments/adaptive_map_v1/validation/geode_offroad1/ours_off/run01/evaluation_on_off_v1_runtime/manifest.json,0.0,0.0,0.0,0.0,0.0,0.0,0.0,0.0
geode_offroad1,ours_on,run01,runtime.csv,0.076725,4046,1709436655.492895603,1709437059.993190050,0.10534286499023438,1,fastlio2_internal_v1,experiments/adaptive_map_v1/validation/geode_offroad1/ours_on/run01/evaluation_on_off_v1_runtime/manifest.json,19.0,4027.0,100545.0,596.0,78.0,0.0,495.0,0.0
geode_offroad2,ours_off,run01,runtime.csv,0.109786,4212,1709437142.611411572,1709437563.714724302,0.10570216178894043,0,fastlio2_internal_v1,experiments/adaptive_map_v1/validation/geode_offroad2/ours_off/run01/evaluation_on_off_v1_runtime/manifest.json,0.0,0.0,0.0,0.0,0.0,0.0,0.0,0.0
geode_offroad2,ours_on,run01,runtime.csv,0.108194,4212,1709437142.611411572,1709437563.714724302,0.10570216178894043,1,fastlio2_internal_v1,experiments/adaptive_map_v1/validation/geode_offroad2/ours_on/run01/evaluation_on_off_v1_runtime/manifest.json,386.0,4193.0,86816.0,2963.0,1004.0,0.0,1158.0,0.0
geode_offroad3,ours_off,run01,runtime.csv,0.092068,3220,1709437775.344993830,1709438097.244027138,0.10847187042236328,0,fastlio2_internal_v1,experiments/adaptive_map_v1/validation/geode_offroad3/ours_off/run01/evaluation_on_off_v1_runtime/manifest.json,0.0,0.0,0.0,0.0,0.0,0.0,0.0,0.0
geode_offroad3,ours_on,run01,runtime.csv,0.092139,3220,1709437775.344993830,1709438097.244027138,0.10847187042236328,1,fastlio2_internal_v1,experiments/adaptive_map_v1/validation/geode_offroad3/ours_on/run01/evaluation_on_off_v1_runtime/manifest.json,34.0,3201.0,82924.0,540.0,0.0,0.0,5244.0,0.0
geode_tunnel1,ours_off,run01,runtime.csv,0.378592,2085,1706581948.364072800,1706582156.763480425,0.1006627082824707,0,fastlio2_internal_v1,experiments/adaptive_map_v1/validation/geode_tunnel1/ours_off/run01/evaluation_on_off_v1_runtime/manifest.json,0.0,0.0,0.0,0.0,0.0,0.0,0.0,0.0
geode_tunnel1,ours_on,run01,runtime1.csv,0.374297,2085,1706581948.364072800,1706582156.763480425,0.1006627082824707,1,fastlio2_internal_v1,experiments/adaptive_map_v1/validation/geode_tunnel1/ours_on/run01/evaluation_on_off_v1_runtime1/manifest.json,10.0,2066.0,24852.0,36.0,0.0,0.0,0.0,0.0
geode_tunnel2,ours_off,run01,runtime.csv,2.162971,2610,1706584501.872719288,1706584762.771492958,0.10312485694885254,0,fastlio2_internal_v1,experiments/adaptive_map_v1/validation/geode_tunnel2/ours_off/run01/evaluation_on_off_v1_runtime/manifest.json,0.0,0.0,0.0,0.0,0.0,0.0,0.0,0.0
geode_tunnel2,ours_off,run02,runtime1.csv,0.931167,2610,1706584501.872719288,1706584762.771492958,0.10312485694885254,0,fastlio2_internal_v1,experiments/adaptive_map_v1/validation/geode_tunnel2/ours_off/run02/evaluation_on_off_v1_runtime1/manifest.json,0.0,0.0,0.0,0.0,0.0,0.0,0.0,0.0
geode_tunnel2,ours_off,run02,runtime2.csv,0.81579,2610,1706584501.872719288,1706584762.771492958,0.10312485694885254,0,fastlio2_internal_v1,experiments/adaptive_map_v1/validation/geode_tunnel2/ours_off/run02/evaluation_on_off_v1_runtime2/manifest.json,0.0,0.0,0.0,0.0,0.0,0.0,0.0,0.0
geode_tunnel2,ours_off,run02,runtime3.csv,2.317131,2610,1706584501.872719288,1706584762.771492958,0.10312485694885254,0,fastlio2_internal_v1,experiments/adaptive_map_v1/validation/geode_tunnel2/ours_off/run02/evaluation_on_off_v1_runtime3/manifest.json,0.0,0.0,0.0,0.0,0.0,0.0,0.0,0.0
geode_tunnel2,ours_on,run01,runtime.csv,2.092863,2610,1706584501.872719288,1706584762.771492958,0.10312485694885254,1,fastlio2_internal_v1,experiments/adaptive_map_v1/validation/geode_tunnel2/ours_on/run01/evaluation_on_off_v1_runtime/manifest.json,373.0,2591.0,23566.0,1276.0,26.0,0.0,604.0,0.0
geode_tunnel3,ours_off,run01,runtime.csv,0.160808,2539,1706584906.742371798,1706585160.542539597,0.10291242599487305,0,fastlio2_internal_v1,experiments/adaptive_map_v1/validation/geode_tunnel3/ours_off/run01/evaluation_on_off_v1_runtime/manifest.json,0.0,0.0,0.0,0.0,0.0,0.0,0.0,0.0
geode_tunnel3,ours_off,run02,runtime1.csv,0.159087,2538,1706584906.742371798,1706585160.442705870,0.10291242599487305,0,fastlio2_internal_v1,experiments/adaptive_map_v1/validation/geode_tunnel3/ours_off/run02/evaluation_on_off_v1_runtime1/manifest.json,0.0,0.0,0.0,0.0,0.0,0.0,0.0,0.0
geode_tunnel3,ours_off,run02,runtime2.csv,0.149896,2539,1706584906.742371798,1706585160.542539597,0.10291242599487305,0,fastlio2_internal_v1,experiments/adaptive_map_v1/validation/geode_tunnel3/ours_off/run02/evaluation_on_off_v1_runtime2/manifest.json,0.0,0.0,0.0,0.0,0.0,0.0,0.0,0.0
geode_tunnel3,ours_off,run02,runtime3.csv,1.601399,2538,1706584906.742371798,1706585160.442705870,0.10291242599487305,0,fastlio2_internal_v1,experiments/adaptive_map_v1/validation/geode_tunnel3/ours_off/run02/evaluation_on_off_v1_runtime3/manifest.json,0.0,0.0,0.0,0.0,0.0,0.0,0.0,0.0
geode_tunnel3,ours_on,run01,runtime.csv,0.147075,2520,1706584906.742371798,1706585160.542539597,1.9999580383300781,1,fastlio2_internal_v1,experiments/adaptive_map_v1/validation/geode_tunnel3/ours_on/run01/evaluation_on_off_v1_runtime/manifest.json,63.0,2501.0,23115.0,179.0,0.0,0.0,123.0,0.0
geode_tunnel4,ours_off,run01,runtime.csv,0.129121,2234,1706585244.081292868,1706585467.382581711,0.10289788246154785,0,fastlio2_internal_v1,experiments/adaptive_map_v1/validation/geode_tunnel4/ours_off/run01/evaluation_on_off_v1_runtime/manifest.json,0.0,0.0,0.0,0.0,0.0,0.0,0.0,0.0
geode_tunnel4,ours_on,run01,runtime.csv,0.144934,2236,1706585243.882226229,1706585467.382581711,0.10289788246154785,1,fastlio2_internal_v1,experiments/adaptive_map_v1/validation/geode_tunnel4/ours_on/run01/evaluation_on_off_v1_runtime/manifest.json,202.0,2217.0,27721.0,6469.0,214.0,0.0,354.0,0.0
geode_tunnel5,ours_off,run01,runtime.csv,0.278645,2316,1706585906.272312403,1706586137.772913218,0.10528683662414551,0,fastlio2_internal_v1,experiments/adaptive_map_v1/validation/geode_tunnel5/ours_off/run01/evaluation_on_off_v1_runtime/manifest.json,0.0,0.0,0.0,0.0,0.0,0.0,0.0,0.0
geode_tunnel5,ours_off,run02,runtime1.csv,0.383837,2316,1706585906.272312403,1706586137.772913218,0.10528683662414551,0,fastlio2_internal_v1,experiments/adaptive_map_v1/validation/geode_tunnel5/ours_off/run02/evaluation_on_off_v1_runtime1/manifest.json,0.0,0.0,0.0,0.0,0.0,0.0,0.0,0.0
geode_tunnel5,ours_off,run02,runtime2.csv,0.229651,2315,1706585906.272312403,1706586137.672270775,0.10528683662414551,0,fastlio2_internal_v1,experiments/adaptive_map_v1/validation/geode_tunnel5/ours_off/run02/evaluation_on_off_v1_runtime2/manifest.json,0.0,0.0,0.0,0.0,0.0,0.0,0.0,0.0
geode_tunnel5,ours_off,run02,runtime3.csv,0.195748,2316,1706585906.272312403,1706586137.772913218,0.10528683662414551,0,fastlio2_internal_v1,experiments/adaptive_map_v1/validation/geode_tunnel5/ours_off/run02/evaluation_on_off_v1_runtime3/manifest.json,0.0,0.0,0.0,0.0,0.0,0.0,0.0,0.0
geode_tunnel5,ours_on,run01,runtime.csv,676.056726,1670,1706585906.272312403,1706586073.872561455,0.6996181011199951,1,fastlio2_internal_v1,experiments/adaptive_map_v1/validation/geode_tunnel5/ours_on/run01/evaluation_on_off_v1_runtime/manifest.json,345.0,1651.0,78516.0,110631.0,6640.0,247.0,172846.0,3589.0
geode_waterway_medium,ours_off,run01,runtime1.csv,0.73809,8376,1706080520.841805935,1706081358.342788219,0.12134075164794922,0,fastlio2_internal_v1,experiments/adaptive_map_v1/validation/geode_waterway_medium/ours_off/run01/evaluation_on_off_v1_runtime1/manifest.json,0.0,0.0,0.0,0.0,0.0,0.0,0.0,0.0
geode_waterway_medium,ours_on,run01,runtime.csv,0.77394,8376,1706080520.841805935,1706081358.342788219,0.12134075164794922,1,fastlio2_internal_v1,experiments/adaptive_map_v1/validation/geode_waterway_medium/ours_on/run01/evaluation_on_off_v1_runtime/manifest.json,2992.0,8357.0,217307.0,120817.0,27.0,0.0,24498.0,0.0
geode_waterway_short,ours_off,run01,runtime1.csv,0.244923,4749,1706079742.903456211,1706080217.704554319,0.1213676929473877,0,fastlio2_internal_v1,experiments/adaptive_map_v1/validation/geode_waterway_short/ours_off/run01/evaluation_on_off_v1_runtime1/manifest.json,0.0,0.0,0.0,0.0,0.0,0.0,0.0,0.0
geode_waterway_short,ours_on,run01,runtime.csv,0.353607,4750,1706079742.903456211,1706080217.803834677,0.1213676929473877,1,fastlio2_internal_v1,experiments/adaptive_map_v1/validation/geode_waterway_short/ours_on/run01/evaluation_on_off_v1_runtime/manifest.json,2000.0,4731.0,94079.0,61702.0,56.0,0.0,14755.0,0.0
ntu_spms1,ours_off,run01,runtime.csv,2.1255968406966015,3927,1624180454.695126772,1624180872.285628557,0.6001906394958496,0,fastlio2_internal_v1,experiments/adaptive_map_v1/validation/ntu_spms1/ours_off/run01/evaluation_on_off_v1_runtime/manifest.json,0.0,0.0,0.0,0.0,0.0,0.0,0.0,0.0
ntu_spms1,ours_on,run01,runtime.csv,0.24932631959622595,3943,1624180454.595117807,1624180872.285628557,0.5971031188964844,1,fastlio2_internal_v1,experiments/adaptive_map_v1/validation/ntu_spms1/ours_on/run01/evaluation_on_off_v1_runtime/manifest.json,244.0,3924.0,374523.0,306802.0,423.0,0.0,18088.0,0.0
ntu_spms2,ours_off,run01,runtime.csv,4.439032477412677,3443,1624181089.745963573,1624181454.435625553,0.3994119167327881,0,fastlio2_internal_v1,experiments/adaptive_map_v1/validation/ntu_spms2/ours_off/run01/evaluation_on_off_v1_runtime/manifest.json,0.0,0.0,0.0,0.0,0.0,0.0,0.0,0.0
ntu_spms2,ours_on,run01,runtime.csv,5.471411013019022,3444,1624181089.841932535,1624181454.435625553,0.5000295639038086,1,fastlio2_internal_v1,experiments/adaptive_map_v1/validation/ntu_spms2/ours_on/run01/evaluation_on_off_v1_runtime/manifest.json,580.0,3425.0,412060.0,440765.0,218.0,0.0,36234.0,0.0
ntu_spms3,ours_off,run01,runtime.csv,1.1079443253999228,3559,1624182042.615973234,1624182423.907720566,0.32761478424072266,0,fastlio2_internal_v1,experiments/adaptive_map_v1/validation/ntu_spms3/ours_off/run01/evaluation_on_off_v1_runtime/manifest.json,0.0,0.0,0.0,0.0,0.0,0.0,0.0,0.0
ntu_spms3,ours_on,run01,runtime.csv,0.5752946629144443,3500,1624182042.615973234,1624182423.907720566,0.428053617477417,1,fastlio2_internal_v1,experiments/adaptive_map_v1/validation/ntu_spms3/ours_on/run01/evaluation_on_off_v1_runtime/manifest.json,456.0,3481.0,440184.0,444029.0,789.0,0.0,35429.0,0.0
subt_hawkins,ours_off,run01,runtime.csv,24.483131,2530,1517157220.600938559,1517157498.856769323,0.3025813102722168,0,fastlio2_internal_v1,experiments/adaptive_map_v1/validation/subt_hawkins/ours_off/run01/evaluation_on_off_v1_runtime/manifest.json,0.0,0.0,0.0,0.0,0.0,0.0,0.0,0.0
subt_hawkins,ours_on,run01,runtime.csv,12.058145,2520,1517157220.600938559,1517157498.755909204,0.403439998626709,1,fastlio2_internal_v1,experiments/adaptive_map_v1/validation/subt_hawkins/ours_on/run01/evaluation_on_off_v1_runtime/manifest.json,178.0,2501.0,45434.0,21883.0,4867.0,10051.0,2575.0,1242.0
